Season,LeagueID,SeasonID,TeamID,TeamCity,TeamName,Conference,ConferenceRecord,PlayoffRank,ClinchIndicator,Division,DivisionRecord,DivisionRank,WINS,LOSSES,WinPCT,LeagueRank,Record,HOME,ROAD
2000-01,00,22000,1610612755,Philadelphia,76ers,East,40-14,1,,Atlantic,18-6,1,56,26,0.683,None,56-26,29-12,27-14
2000-01,00,22000,1610612759,SanAntonio,Spurs,West,39-13,1,,Midwest,19-5,1,58,24,0.707,None,58-24,33-8,25-16
2000-01,00,22000,1610612747,LosAngeles,Lakers,West,34-18,2,,Pacific,14-10,1,56,26,0.683,None,56-26,31-10,25-16
2000-01,00,22000,1610612749,Milwaukee,Bucks,East,38-16,2,,Central,19-9,1,52,30,0.634,None,52-30,31-10,21-20
2000-01,00,22000,1610612758,Sacramento,Kings,West,35-17,3,,Pacific,16-8,2,55,27,0.671,None,55-27,33-8,22-19
2000-01,00,22000,1610612748,Miami,Heat,East,34-20,3,,Atlantic,15-10,2,50,32,0.61,None,50-32,29-12,21-20
2000-01,00,22000,1610612752,NewYork,Knicks,East,32-22,4,,Atlantic,16-9,3,48,34,0.585,None,48-34,30-11,18-23
2000-01,00,22000,1610612762,Utah,Jazz,West,31-21,4,,Midwest,14-10,2,53,29,0.646,None,53-29,28-13,25-16
2000-01,00,22000,1610612742,Dallas,Mavericks,West,30-22,4,,Midwest,14-10,2,53,29,0.646,None,53-29,28-13,25-16
2000-01,00,22000,1610612761,Toronto,Raptors,East,36-18,5,,Central,18-10,2,47,35,0.573,None,47-35,27-14,20-21
2000-01,00,22000,1610612756,Phoenix,Suns,West,30-22,6,,Pacific,12-12,3,51,31,0.622,None,51-31,31-10,20-21
2000-01,00,22000,1610612766,Charlotte,Hornets,East,37-17,6,,Central,20-8,3,46,36,0.561,None,46-36,28-13,18-23
2000-01,00,22000,1610612753,Orlando,Magic,East,30-24,7,,Atlantic,14-10,4,43,39,0.524,None,43-39,26-15,17-24
2000-01,00,22000,1610612757,Portland,TrailBlazers,West,26-26,7,,Pacific,12-12,4,50,32,0.61,None,50-32,28-13,22-19
2000-01,00,22000,1610612750,Minnesota,Timberwolves,West,27-25,8,,Midwest,11-13,4,47,35,0.573,None,47-35,30-11,17-24
2000-01,00,22000,1610612754,Indiana,Pacers,East,29-25,8,,Central,15-13,4,41,41,0.5,None,41-41,26-15,15-26
2000-01,00,22000,1610612745,Houston,Rockets,West,20-32,9,,Midwest,11-13,5,45,37,0.549,None,45-37,24-17,21-20
2000-01,00,22000,1610612738,Boston,Celtics,East,24-30,9,,Atlantic,11-13,5,36,46,0.439,None,36-46,20-21,16-25
2000-01,00,22000,1610612760,Seattle,SuperSonics,West,27-25,10,,Pacific,17-7,5,44,38,0.537,None,44-38,26-15,18-23
2000-01,00,22000,1610612765,Detroit,Pistons,East,25-29,10,,Central,16-12,5,32,50,0.39,None,32-50,18-23,14-27
2000-01,00,22000,1610612739,Cleveland,Cavaliers,East,22-32,11,,Central,11-17,6,30,52,0.366,None,30-52,20-21,10-31
2000-01,00,22000,1610612743,Denver,Nuggets,West,27-25,11,,Midwest,13-11,6,40,42,0.488,None,40-42,29-12,11-30
2000-01,00,22000,1610612746,LosAngeles,Clippers,West,18-34,12,,Pacific,9-15,6,31,51,0.378,None,31-51,22-19,9-32
2000-01,00,22000,1610612751,NewJersey,Nets,East,16-38,12,,Atlantic,8-16,6,26,56,0.317,None,26-56,18-23,8-33
2000-01,00,22000,1610612737,Atlanta,Hawks,East,16-38,13,,Central,9-19,7,25,57,0.305,None,25-57,18-23,7-34
2000-01,00,22000,1610612763,Vancouver,Grizzlies,West,11-41,13,,Midwest,2-22,7,23,59,0.28,None,23-59,15-26,8-33
2000-01,00,22000,1610612764,Washington,Wizards,East,13-41,14,,Atlantic,3-21,7,19,63,0.232,None,19-63,12-29,7-34
2000-01,00,22000,1610612744,GoldenState,Warriors,West,9-43,14,,Pacific,4-20,7,17,65,0.207,None,17-65,11-30,6-35
2000-01,00,22000,1610612741,Chicago,Bulls,East,13-41,15,,Central,4-24,8,15,67,0.183,None,15-67,10-31,5-36
2001-02,00,22001,1610612751,NewJersey,Nets,East,35-19,1,-e,Atlantic,16-8,1,52,30,0.634,None,52-30,33-8,19-22
2001-02,00,22001,1610612758,Sacramento,Kings,West,37-15,1,-w,Pacific,15-9,1,61,21,0.744,None,61-21,36-5,25-16
2001-02,00,22001,1610612765,Detroit,Pistons,East,38-16,2,-c,Central,20-8,1,50,32,0.61,None,50-32,26-15,24-17
2001-02,00,22001,1610612759,SanAntonio,Spurs,West,38-14,2,None,Midwest,21-3,1,58,24,0.707,None,58-24,32-9,26-15
2001-02,00,22001,1610612738,Boston,Celtics,East,35-19,3,-e,Atlantic,17-7,2,49,33,0.598,None,49-33,27-14,22-19
2001-02,00,22001,1610612747,LosAngeles,Lakers,West,37-15,3,-w,Pacific,16-8,2,58,24,0.707,None,58-24,34-7,24-17
2001-02,00,22001,1610612742,Dallas,Mavericks,West,34-18,4,-x,Midwest,16-8,2,57,25,0.695,None,57-25,30-11,27-14
2001-02,00,22001,1610612766,Charlotte,Hornets,East,31-23,4,,Central,17-11,2,44,38,0.537,0,44-38,21-20,23-18
2001-02,00,22001,1610612750,Minnesota,Timberwolves,West,29-23,5,-x,Midwest,15-9,3,50,32,0.61,None,50-32,29-12,21-20
2001-02,00,22001,1610612753,Orlando,Magic,East,29-25,5,-a,Atlantic,12-12,3,44,38,0.537,None,44-38,27-14,17-24
2001-02,00,22001,1610612755,Philadelphia,76ers,East,31-23,6,-x,Atlantic,14-11,4,43,39,0.524,None,43-39,22-19,21-20
2001-02,00,22001,1610612757,Portland,TrailBlazers,West,27-25,6,-x,Pacific,14-10,3,49,33,0.598,None,49-33,30-11,19-22
2001-02,00,22001,1610612761,Toronto,Raptors,East,29-25,7,-x,Central,17-11,3,42,40,0.512,None,42-40,24-17,18-23
2001-02,00,22001,1610612760,Seattle,SuperSonics,West,26-26,7,-x,Pacific,13-11,4,45,37,0.549,None,45-37,26-15,19-22
2001-02,00,22001,1610612754,Indiana,Pacers,East,27-27,8,-x,Central,13-15,4,42,40,0.512,None,42-40,25-16,17-24
2001-02,00,22001,1610612762,Utah,Jazz,West,25-27,8,None,Midwest,8-16,4,44,38,0.537,None,44-38,25-16,19-22
2001-02,00,22001,1610612746,LosAngeles,Clippers,West,23-29,9,-o,Pacific,9-15,5,39,43,0.476,None,39-43,25-16,14-27
2001-02,00,22001,1610612749,Milwaukee,Bucks,East,29-25,9,-o,Central,17-11,5,41,41,0.5,None,41-41,25-16,16-25
2001-02,00,22001,1610612764,Washington,Wizards,East,25-29,10,-x,Atlantic,12-13,5,37,45,0.451,None,37-45,22-19,15-26
2001-02,00,22001,1610612756,Phoenix,Suns,West,24-28,10,-x,Pacific,12-12,6,36,46,0.439,None,36-46,23-18,13-28
2001-02,00,22001,1610612745,Houston,Rockets,West,18-34,11,-x,Midwest,9-15,5,28,54,0.341,None,28-54,18-23,10-31
2001-02,00,22001,1610612748,Miami,Heat,East,22-32,11,-o,Atlantic,10-14,6,36,46,0.439,None,36-46,18-23,18-23
2001-02,00,22001,1610612743,Denver,Nuggets,West,19-33,12,-x,Midwest,8-16,6,27,55,0.329,None,27-55,20-21,7-34
2001-02,00,22001,1610612737,Atlanta,Hawks,East,21-33,12,-x,Central,11-17,6,33,49,0.402,None,33-49,23-18,10-31
2001-02,00,22001,1610612763,Memphis,Grizzlies,West,14-38,13,-o,Midwest,7-17,7,23,59,0.28,None,23-59,15-26,8-33
2001-02,00,22001,1610612752,NewYork,Knicks,East,20-34,13,-o,Atlantic,4-20,7,30,52,0.366,None,30-52,19-22,11-30
2001-02,00,22001,1610612739,Cleveland,Cavaliers,East,20-34,14,-x,Central,12-16,7,29,53,0.354,None,29-53,20-21,9-32
2001-02,00,22001,1610612744,GoldenState,Warriors,West,13-39,14,-o,Pacific,5-19,7,21,61,0.256,None,21-61,14-27,7-34
2001-02,00,22001,1610612741,Chicago,Bulls,East,13-41,15,-o,Central,5-23,8,21,61,0.256,None,21-61,14-27,7-34
2002-03,00,22002,1610612759,SanAntonio,Spurs,West,36-16,1,-w,Midwest,17-7,1,60,22,0.732,None,60-22,33-8,27-14
2002-03,00,22002,1610612765,Detroit,Pistons,East,35-19,1,-e,Central,19-9,1,50,32,0.61,None,50-32,30-11,20-21
2002-03,00,22002,1610612751,NewJersey,Nets,East,34-20,2,-a,Atlantic,16-8,1,49,33,0.598,None,49-33,33-8,16-25
2002-03,00,22002,1610612758,Sacramento,Kings,West,36-16,2,-p,Pacific,17-7,1,59,23,0.72,None,59-23,35-6,24-17
2002-03,00,22002,1610612754,Indiana,Pacers,East,35-19,3,-x,Central,19-9,2,48,34,0.585,None,48-34,32-9,16-25
2002-03,00,22002,1610612742,Dallas,Mavericks,West,34-18,3,-x,Midwest,18-6,2,60,22,0.732,None,60-22,33-8,27-14
2002-03,00,22002,1610612750,Minnesota,Timberwolves,West,33-19,4,-x,Midwest,15-9,3,51,31,0.622,None,51-31,33-8,18-23
2002-03,00,22002,1610612755,Philadelphia,76ers,East,35-19,4,-x,Atlantic,17-7,2,48,34,0.585,None,48-34,25-16,23-18
2002-03,00,22002,1610612740,NewOrleans,Hornets,East,32-22,5,-c,Central,17-11,3,47,35,0.573,None,47-35,29-12,18-23
2002-03,00,22002,1610612747,LosAngeles,Lakers,West,33-19,5,-w,Pacific,15-9,2,50,32,0.61,None,50-32,31-10,19-22
2002-03,00,22002,1610612738,Boston,Celtics,East,31-23,6,-e,Atlantic,13-12,3,44,38,0.537,None,44-38,25-16,19-22
2002-03,00,22002,1610612757,Portland,TrailBlazers,West,29-23,6,-x,Pacific,15-9,3,50,32,0.61,None,50-32,27-14,23-18
2002-03,00,22002,1610612749,Milwaukee,Bucks,East,32-22,7,-x,Central,16-12,4,42,40,0.512,None,42-40,25-16,17-24
2002-03,00,22002,1610612762,Utah,Jazz,West,30-22,7,None,Midwest,15-9,4,47,35,0.573,None,47-35,29-12,18-23
2002-03,00,22002,1610612753,Orlando,Magic,East,31-23,8,-a,Atlantic,14-11,4,42,40,0.512,None,42-40,26-15,16-25
2002-03,00,22002,1610612756,Phoenix,Suns,West,26-26,8,-x,Pacific,12-12,4,44,38,0.537,None,44-38,30-11,14-27
2002-03,00,22002,1610612745,Houston,Rockets,West,26-26,9,-x,Midwest,11-13,5,43,39,0.524,None,43-39,28-13,15-26
2002-03,00,22002,1610612764,Washington,Wizards,East,26-28,9,-x,Atlantic,11-13,5,37,45,0.451,None,37-45,23-18,14-27
2002-03,00,22002,1610612760,Seattle,SuperSonics,West,26-26,10,-o,Pacific,11-13,5,40,42,0.488,None,40-42,25-16,15-26
2002-03,00,22002,1610612752,NewYork,Knicks,East,23-31,10,-o,Atlantic,9-15,6,37,45,0.451,None,37-45,24-17,13-28
2002-03,00,22002,1610612744,GoldenState,Warriors,West,19-33,11,-o,Pacific,8-16,6,38,44,0.463,None,38-44,24-17,14-27
2002-03,00,22002,1610612737,Atlanta,Hawks,East,24-30,11,-x,Central,14-14,5,35,47,0.427,None,35-47,26-15,9-32
2002-03,00,22002,1610612741,Chicago,Bulls,East,22-32,12,-o,Central,12-16,6,30,52,0.366,None,30-52,27-14,3-38
2002-03,00,22002,1610612763,Memphis,Grizzlies,West,12-40,12,-o,Midwest,5-19,6,28,54,0.341,None,28-54,20-21,8-33
2002-03,00,22002,1610612748,Miami,Heat,East,18-36,13,-o,Atlantic,5-19,7,25,57,0.305,None,25-57,16-25,9-32
2002-03,00,22002,1610612746,LosAngeles,Clippers,West,16-36,13,-o,Pacific,6-18,7,27,55,0.329,None,27-55,16-25,11-30
2002-03,00,22002,1610612743,Denver,Nuggets,West,8-44,14,-x,Midwest,3-21,7,17,65,0.207,None,17-65,13-28,4-37
2002-03,00,22002,1610612761,Toronto,Raptors,East,18-36,14,-x,Central,10-18,7,24,58,0.293,None,24-58,15-26,9-32
2002-03,00,22002,1610612739,Cleveland,Cavaliers,East,9-45,15,-x,Central,5-23,8,17,65,0.207,None,17-65,14-27,3-38
2003-04,00,22003,1610612750,Minnesota,Timberwolves,West,58-24,1,-w,Midwest,58-24,1,58,24,0.707,2,58-24,31-10,27-14
2003-04,00,22003,1610612754,Indiana,Pacers,East,61-21,1,-e,Central,61-21,1,61,21,0.744,1,61-21,34-7,27-14
2003-04,00,22003,1610612747,LosAngeles,Lakers,West,56-26,2,-w,Pacific,56-26,1,56,26,0.683,4,56-26,34-7,22-19
2003-04,00,22003,1610612751,NewJersey,Nets,East,47-35,2,-e,Atlantic,47-35,1,47,35,0.573,9,47-35,28-13,19-22
2003-04,00,22003,1610612765,Detroit,Pistons,East,54-28,3,-x,Central,54-28,2,54,28,0.659,6,54-28,31-10,23-18
2003-04,00,22003,1610612759,SanAntonio,Spurs,West,57-25,3,-x,Midwest,57-25,2,57,25,0.695,3,57-25,33-8,24-17
2003-04,00,22003,1610612758,Sacramento,Kings,West,55-27,4,-x,Pacific,55-27,2,55,27,0.671,5,55-27,34-7,21-20
2003-04,00,22003,1610612748,Miami,Heat,East,42-40,4,-e,Atlantic,42-40,2,42,40,0.512,12,42-40,29-12,13-28
2003-04,00,22003,1610612740,NewOrleans,Hornets,East,41-41,5,-e,Central,41-41,3,41,41,0.5,14,41-41,25-16,16-25
2003-04,00,22003,1610612742,Dallas,Mavericks,West,52-30,5,,Midwest,52-30,3,52,30,0.634,7,52-30,36-5,16-25
2003-04,00,22003,1610612763,Memphis,Grizzlies,West,50-32,6,-x,Midwest,50-32,4,50,32,0.61,8,50-32,31-10,19-22
2003-04,00,22003,1610612749,Milwaukee,Bucks,East,41-41,6,-o,Central,41-41,4,41,41,0.5,15,41-41,27-14,14-27
2003-04,00,22003,1610612745,Houston,Rockets,West,45-37,7,-x,Midwest,45-37,5,45,37,0.549,10,45-37,27-14,18-23
2003-04,00,22003,1610612752,NewYork,Knicks,East,39-43,7,-o,Atlantic,39-43,3,39,43,0.476,17,39-43,23-18,16-25
2003-04,00,22003,1610612743,Denver,Nuggets,West,43-39,8,-x,Midwest,43-39,6,43,39,0.524,11,43-39,29-12,14-27
2003-04,00,22003,1610612738,Boston,Celtics,East,36-46,8,-e,Atlantic,36-46,4,36,46,0.439,20,36-46,19-22,17-24
2003-04,00,22003,1610612762,Utah,Jazz,West,42-40,9,None,Midwest,42-40,7,42,40,0.512,13,42-40,28-13,14-27
2003-04,00,22003,1610612739,Cleveland,Cavaliers,East,35-47,9,-c,Central,35-47,5,35,47,0.427,21,35-47,23-18,12-29
2003-04,00,22003,1610612757,Portland,TrailBlazers,West,41-41,10,-x,Pacific,41-41,3,41,41,0.5,16,41-41,25-16,16-25
2003-04,00,22003,1610612761,Toronto,Raptors,East,33-49,10,-x,Central,33-49,6,33,49,0.402,22,33-49,18-23,15-26
2003-04,00,22003,1610612744,GoldenState,Warriors,West,37-45,11,-o,Pacific,37-45,4,37,45,0.451,18,37-45,27-14,10-31
2003-04,00,22003,1610612755,Philadelphia,76ers,East,33-49,11,-x,Atlantic,33-49,5,33,49,0.402,23,33-49,21-20,12-29
2003-04,00,22003,1610612737,Atlanta,Hawks,East,28-54,12,-x,Central,28-54,7,28,54,0.341,26,28-54,18-23,10-31
2003-04,00,22003,1610612760,Seattle,SuperSonics,West,37-45,12,-o,Pacific,37-45,5,37,45,0.451,19,37-45,21-20,16-25
2003-04,00,22003,1610612764,Washington,Wizards,East,25-57,13,-x,Atlantic,25-57,6,25,57,0.305,27,25-57,17-24,8-33
2003-04,00,22003,1610612756,Phoenix,Suns,West,29-53,13,-x,Pacific,29-53,6,29,53,0.354,24,29-53,18-23,11-30
2003-04,00,22003,1610612741,Chicago,Bulls,East,23-59,14,-o,Central,23-59,8,23,59,0.28,28,23-59,14-27,9-32
2003-04,00,22003,1610612746,LosAngeles,Clippers,West,28-54,14,-o,Pacific,28-54,7,28,54,0.341,25,28-54,18-23,10-31
2003-04,00,22003,1610612753,Orlando,Magic,East,21-61,15,-a,Atlantic,21-61,7,21,61,0.256,29,21-61,11-30,10-31
2004-05,00,22004,1610612756,Phoenix,Suns,West,38-14,1,-w,Pacific,12-4,1,62,20,0.756,1,62-20,31-10,31-10
2004-05,00,22004,1610612748,Miami,Heat,East,41-11,1,-e,Southeast,15-1,1,59,23,0.72,2,59-23,35-6,24-17
2004-05,00,22004,1610612759,SanAntonio,Spurs,West,36-16,2,-sw,Southwest,10-6,1,59,23,0.72,3,59-23,38-3,21-20
2004-05,00,22004,1610612765,Detroit,Pistons,East,35-17,2,-c,Central,8-8,1,54,28,0.659,5,54-28,32-9,22-19
2004-05,00,22004,1610612741,Chicago,Bulls,East,32-20,3,-x,Central,8-8,2,47,35,0.573,10,47-35,27-14,20-21
2004-05,00,22004,1610612742,Dallas,Mavericks,West,35-17,3,-x,Southwest,11-5,2,58,24,0.707,4,58-24,29-12,29-12
2004-05,00,22004,1610612738,Boston,Celtics,East,30-22,4,-a,Atlantic,8-8,1,45,37,0.549,11,45-37,27-14,18-23
2004-05,00,22004,1610612760,Seattle,SuperSonics,West,31-21,4,-nw,Northwest,11-5,1,52,30,0.634,6,52-30,26-15,26-15
2004-05,00,22004,1610612764,Washington,Wizards,East,28-24,5,-x,Southeast,10-6,2,45,37,0.549,12,45-37,29-12,16-25
2004-05,00,22004,1610612745,Houston,Rockets,West,33-19,5,-x,Southwest,10-6,3,51,31,0.622,None,51-31,26-15,25-16
2004-05,00,22004,1610612754,Indiana,Pacers,East,29-23,6,-x,Central,9-7,3,44,38,0.537,14,44-38,25-16,19-22
2004-05,00,22004,1610612758,Sacramento,Kings,West,28-24,6,-x,Pacific,10-6,2,50,32,0.61,8,50-32,30-11,20-21
2004-05,00,22004,1610612755,Philadelphia,76ers,East,33-19,7,-x,Atlantic,8-8,2,43,39,0.524,16,43-39,25-16,18-23
2004-05,00,22004,1610612743,Denver,Nuggets,West,28-24,7,-x,Northwest,9-7,2,49,33,0.598,9,49-33,31-10,18-23
2004-05,00,22004,1610612751,NewJersey,Nets,East,31-21,8,-x,Atlantic,11-5,3,42,40,0.512,17,42-40,24-17,18-23
2004-05,00,22004,1610612763,Memphis,Grizzlies,West,27-25,8,-x,Southwest,7-9,4,45,37,0.549,13,45-37,26-15,19-22
2004-05,00,22004,1610612739,Cleveland,Cavaliers,East,26-26,9,-o,Central,7-9,4,42,40,0.512,18,42-40,29-12,13-28
2004-05,00,22004,1610612750,Minnesota,Timberwolves,West,30-22,9,-o,Northwest,10-6,3,44,38,0.537,15,44-38,24-17,20-21
2004-05,00,22004,1610612753,Orlando,Magic,East,21-31,10,-o,Southeast,6-10,3,36,46,0.439,20,36-46,24-17,12-29
2004-05,00,22004,1610612746,LosAngeles,Clippers,West,20-32,10,-o,Pacific,6-10,3,37,45,0.451,None,37-45,27-14,10-31
2004-05,00,22004,1610612761,Toronto,Raptors,East,20-32,11,-o,Atlantic,7-9,4,33,49,0.402,23,33-49,22-19,11-30
2004-05,00,22004,1610612747,LosAngeles,Lakers,West,21-31,11,-w,Pacific,6-10,4,34,48,0.415,21,34-48,22-19,12-29
2004-05,00,22004,1610612744,GoldenState,Warriors,West,20-32,12,-o,Pacific,6-10,5,34,48,0.415,22,34-48,20-21,14-27
2004-05,00,22004,1610612752,NewYork,Knicks,East,21-31,12,-o,Atlantic,6-10,5,33,49,0.402,24,33-49,22-19,11-30
2004-05,00,22004,1610612749,Milwaukee,Bucks,East,24-28,13,-o,Central,8-8,5,30,52,0.366,25,30-52,23-18,7-34
2004-05,00,22004,1610612757,Portland,TrailBlazers,West,13-39,13,-o,Northwest,4-12,4,27,55,0.329,26,27-55,18-23,9-32
2004-05,00,22004,1610612766,Charlotte,Bobcats,East,11-41,14,-o,Southeast,7-9,4,18,64,0.22,28,18-64,14-27,4-37
2004-05,00,22004,1610612762,Utah,Jazz,West,20-32,14,-o,Northwest,6-10,5,26,56,0.317,27,26-56,18-23,8-33
2004-05,00,22004,1610612740,NewOrleans,Hornets,West,10-42,15,-sw,Southwest,2-14,5,18,64,0.22,29,18-64,11-30,7-34
2004-05,00,22004,1610612737,Atlanta,Hawks,East,8-44,15,-o,Southeast,2-14,5,13,69,0.159,30,13-69,9-32,4-37
2005-06,00,22005,1610612765,Detroit,Pistons,East,39-13,1,-e,Central,13-3,1,64,18,0.78,1,64-18,37-4,27-14
2005-06,00,22005,1610612759,SanAntonio,Spurs,West,42-10,1,-w,Southwest,13-3,1,63,19,0.768,None,63-19,34-7,29-12
2005-06,00,22005,1610612742,Dallas,Mavericks,West,37-15,2,-x,Southwest,13-3,2,60,22,0.732,None,60-22,34-7,26-15
2005-06,00,22005,1610612748,Miami,Heat,East,35-17,2,-se,Southeast,13-3,1,52,30,0.634,5,52-30,31-10,21-20
2005-06,00,22005,1610612756,Phoenix,Suns,West,32-20,3,-p,Pacific,10-6,1,54,28,0.659,4,54-28,31-10,23-18
2005-06,00,22005,1610612739,Cleveland,Cavaliers,East,34-18,3,-x,Central,11-5,2,50,32,0.61,6,50-32,31-10,19-22
2005-06,00,22005,1610612743,Denver,Nuggets,West,25-27,4,-nw,Northwest,10-6,1,44,38,0.537,12,44-38,26-15,18-23
2005-06,00,22005,1610612751,NewJersey,Nets,East,33-19,4,-a,Atlantic,10-6,1,49,33,0.598,7,49-33,29-12,20-21
2005-06,00,22005,1610612764,Washington,Wizards,East,29-23,5,-x,Southeast,8-8,2,42,40,0.512,13,42-40,27-14,15-26
2005-06,00,22005,1610612763,Memphis,Grizzlies,West,31-21,5,-x,Southwest,6-10,3,49,33,0.598,8,49-33,30-11,19-22
2005-06,00,22005,1610612746,LosAngeles,Clippers,West,27-25,6,-x,Pacific,7-9,2,47,35,0.573,9,47-35,27-14,20-21
2005-06,00,22005,1610612754,Indiana,Pacers,East,24-28,6,-x,Central,6-10,3,41,41,0.5,14,41-41,27-14,14-27
2005-06,00,22005,1610612741,Chicago,Bulls,East,30-22,7,-x,Central,4-12,4,41,41,0.5,None,41-41,21-20,20-21
2005-06,00,22005,1610612747,LosAngeles,Lakers,West,27-25,7,-x,Pacific,9-7,3,45,37,0.549,10,45-37,27-14,18-23
2005-06,00,22005,1610612749,Milwaukee,Bucks,East,29-23,8,-x,Central,6-10,5,40,42,0.481,None,40-42,24-16,15-26
2005-06,00,22005,1610612758,Sacramento,Kings,West,30-22,8,-x,Pacific,10-6,4,44,38,0.537,11,44-38,27-14,17-24
2005-06,00,22005,1610612755,Philadelphia,76ers,East,22-30,9,-o,Atlantic,10-6,2,38,44,0.463,19,38-44,23-18,15-26
2005-06,00,22005,1610612762,Utah,Jazz,West,26-26,9,-o,Northwest,11-5,2,41,41,0.5,16,41-41,22-19,19-22
2005-06,00,22005,1610612753,Orlando,Magic,East,24-28,10,-o,Southeast,9-7,3,36,46,0.439,None,36-46,26-15,10-31
2005-06,00,22005,1610612740,NewOrleans/OklahomaCity,Hornets,West,25-27,10,-o,Southwest,7-9,4,38,44,0.463,18,38-44,24-17,14-27
2005-06,00,22005,1610612738,Boston,Celtics,East,19-33,11,-o,Atlantic,10-6,3,33,49,0.402,25,33-49,21-20,12-29
2005-06,00,22005,1610612760,Seattle,SuperSonics,West,20-32,11,-o,Northwest,10-6,3,35,47,0.427,21,35-47,22-19,13-28
2005-06,00,22005,1610612745,Houston,Rockets,West,19-33,12,-o,Southwest,1-15,5,34,48,0.415,None,34-48,15-26,19-22
2005-06,00,22005,1610612761,Toronto,Raptors,East,20-32,12,-o,Atlantic,6-10,4,27,55,0.329,26,27-55,15-26,12-29
2005-06,00,22005,1610612744,GoldenState,Warriors,West,19-33,13,-o,Pacific,4-12,5,34,48,0.415,23,34-48,21-20,13-28
2005-06,00,22005,1610612766,Charlotte,Bobcats,East,18-34,13,-o,Southeast,5-11,4,26,56,0.317,27,26-56,17-24,9-32
2005-06,00,22005,1610612737,Atlanta,Hawks,East,19-33,14,-o,Southeast,5-11,5,26,56,0.317,28,26-56,18-23,8-33
2005-06,00,22005,1610612750,Minnesota,Timberwolves,West,20-32,14,-o,Northwest,6-10,4,33,49,0.402,24,33-49,24-17,9-32
2005-06,00,22005,1610612757,Portland,TrailBlazers,West,10-42,15,-o,Northwest,3-13,5,21,61,0.256,30,21-61,15-26,6-35
2005-06,00,22005,1610612752,NewYork,Knicks,East,15-37,15,-o,Atlantic,4-12,5,23,59,0.28,None,23-59,15-26,8-33
2006-07,00,22006,1610612742,Dallas,Mavericks,West,40-12,1,-w,Southwest,14-2,1,67,15,0.817,None,67-15,36-5,31-10
2006-07,00,22006,1610612765,Detroit,Pistons,East,36-16,1,-e,Central,9-7,1,53,29,0.646,None,53-29,26-15,27-14
2006-07,00,22006,1610612739,Cleveland,Cavaliers,East,31-21,2,-x,Central,10-6,2,50,32,0.61,None,50-32,30-11,20-21
2006-07,00,22006,1610612756,Phoenix,Suns,West,36-16,2,-p,Pacific,11-5,1,61,21,0.744,None,61-21,33-8,28-13
2006-07,00,22006,1610612759,SanAntonio,Spurs,West,38-14,3,-x,Southwest,10-6,2,58,24,0.707,None,58-24,31-10,27-14
2006-07,00,22006,1610612761,Toronto,Raptors,East,33-19,3,-a,Atlantic,11-5,1,47,35,0.573,None,47-35,30-11,17-24
2006-07,00,22006,1610612762,Utah,Jazz,West,32-20,4,-nw,Northwest,10-6,1,51,31,0.622,None,51-31,31-10,20-21
2006-07,00,22006,1610612748,Miami,Heat,East,27-25,4,-se,Southeast,9-7,1,44,38,0.537,None,44-38,27-14,17-24
2006-07,00,22006,1610612745,Houston,Rockets,West,28-24,5,-x,Southwest,8-8,3,52,30,0.634,None,52-30,28-13,24-17
2006-07,00,22006,1610612741,Chicago,Bulls,East,36-16,5,-x,Central,12-4,3,49,33,0.598,None,49-33,31-10,18-23
2006-07,00,22006,1610612751,NewJersey,Nets,East,31-21,6,-x,Atlantic,10-6,2,41,41,0.5,None,41-41,24-17,17-24
2006-07,00,22006,1610612743,Denver,Nuggets,West,27-25,6,-x,Northwest,9-7,2,45,37,0.549,None,45-37,23-18,22-19
2006-07,00,22006,1610612764,Washington,Wizards,East,27-25,7,-x,Southeast,8-8,2,41,41,0.5,None,41-41,26-15,15-26
2006-07,00,22006,1610612747,LosAngeles,Lakers,West,28-24,7,-w,Pacific,10-6,3,42,40,0.512,None,42-40,25-16,17-24
2006-07,00,22006,1610612753,Orlando,Magic,East,26-26,8,-se,Southeast,9-7,3,40,42,0.488,None,40-42,25-16,15-26
2006-07,00,22006,1610612744,GoldenState,Warriors,West,28-24,8,-x,Pacific,6-10,2,42,40,0.512,None,42-40,30-11,12-29
2006-07,00,22006,1610612754,Indiana,Pacers,East,25-27,9,-o,Central,8-8,4,35,47,0.427,None,35-47,22-19,13-28
2006-07,00,22006,1610612746,LosAngeles,Clippers,West,23-29,9,-o,Pacific,8-8,4,40,42,0.488,None,40-42,25-16,15-26
2006-07,00,22006,1610612755,Philadelphia,76ers,East,24-28,10,-x,Atlantic,9-7,3,35,47,0.427,None,35-47,21-20,14-27
2006-07,00,22006,1610612740,NewOrleans/OklahomaCity,Hornets,West,23-29,10,-sw,Southwest,6-10,4,39,43,0.476,None,39-43,24-17,15-26
2006-07,00,22006,1610612766,Charlotte,Bobcats,East,24-28,11,-x,Southeast,9-7,4,33,49,0.402,None,33-49,20-21,13-28
2006-07,00,22006,1610612758,Sacramento,Kings,West,18-34,11,-o,Pacific,5-11,5,33,49,0.402,None,33-49,20-21,13-28
2006-07,00,22006,1610612757,Portland,TrailBlazers,West,19-33,12,-o,Northwest,7-9,4,32,50,0.39,None,32-50,18-23,14-27
2006-07,00,22006,1610612752,NewYork,Knicks,East,22-30,12,-o,Atlantic,3-13,4,33,49,0.402,None,33-49,19-22,14-27
2006-07,00,22006,1610612750,Minnesota,Timberwolves,West,18-34,13,-o,Northwest,6-10,3,32,50,0.39,None,32-50,20-21,12-29
2006-07,00,22006,1610612737,Atlanta,Hawks,East,17-35,13,-x,Southeast,5-11,5,30,52,0.366,None,30-52,18-23,12-29
2006-07,00,22006,1610612749,Milwaukee,Bucks,East,15-37,14,-o,Central,1-15,5,28,54,0.341,None,28-54,18-23,10-31
2006-07,00,22006,1610612760,Seattle,SuperSonics,West,18-34,14,-o,Northwest,8-8,5,31,51,0.378,None,31-51,20-21,11-30
2006-07,00,22006,1610612763,Memphis,Grizzlies,West,14-38,15,-o,Southwest,2-14,5,22,60,0.268,None,22-60,14-27,8-33
2006-07,00,22006,1610612738,Boston,Celtics,East,16-36,15,-e,Atlantic,7-9,5,24,58,0.293,None,24-58,12-29,12-29
2007-08,00,22007,1610612738,Boston,Celtics,East,41-11,1,-e,Atlantic,14-2,1,66,16,0.805,None,66-16,35-6,31-10
2007-08,00,22007,1610612747,LosAngeles,Lakers,West,37-15,1,-w,Pacific,12-4,1,57,25,0.695,None,57-25,30-11,27-14
2007-08,00,22007,1610612765,Detroit,Pistons,East,37-15,2,-c,Central,11-5,1,59,23,0.72,None,59-23,34-7,25-16
2007-08,00,22007,1610612740,NewOrleans,Hornets,West,34-18,2,-sw,Southwest,10-6,1,56,26,0.683,None,56-26,30-11,26-15
2007-08,00,22007,1610612759,SanAntonio,Spurs,West,33-19,3,-x,Southwest,10-6,2,56,26,0.683,None,56-26,34-7,22-19
2007-08,00,22007,1610612753,Orlando,Magic,East,38-14,3,-se,Southeast,12-4,1,52,30,0.634,None,52-30,25-16,27-14
2007-08,00,22007,1610612762,Utah,Jazz,West,33-19,4,-nw,Northwest,10-6,1,54,28,0.659,None,54-28,37-4,17-24
2007-08,00,22007,1610612739,Cleveland,Cavaliers,East,28-24,4,-x,Central,7-9,2,45,37,0.549,None,45-37,27-14,18-23
2007-08,00,22007,1610612745,Houston,Rockets,West,33-19,5,-x,Southwest,8-8,3,55,27,0.671,None,55-27,31-10,24-17
2007-08,00,22007,1610612764,Washington,Wizards,East,29-23,5,-x,Southeast,10-6,2,43,39,0.524,None,43-39,25-16,18-23
2007-08,00,22007,1610612761,Toronto,Raptors,East,29-23,6,-x,Atlantic,10-6,2,41,41,0.5,None,41-41,25-16,16-25
2007-08,00,22007,1610612756,Phoenix,Suns,West,31-21,6,-x,Pacific,10-6,2,55,27,0.671,None,55-27,30-11,25-16
2007-08,00,22007,1610612742,Dallas,Mavericks,West,33-19,7,-x,Southwest,10-6,4,51,31,0.622,None,51-31,34-7,17-24
2007-08,00,22007,1610612755,Philadelphia,76ers,East,25-27,7,-x,Atlantic,7-9,3,40,42,0.488,None,40-42,22-19,18-23
2007-08,00,22007,1610612737,Atlanta,Hawks,East,24-28,8,-x,Southeast,9-7,3,37,45,0.451,None,37-45,25-16,12-29
2007-08,00,22007,1610612743,Denver,Nuggets,West,31-21,8,-x,Northwest,10-6,2,50,32,0.61,None,50-32,33-8,17-24
2007-08,00,22007,1610612754,Indiana,Pacers,East,24-28,9,-o,Central,5-11,3,36,46,0.439,None,36-46,21-20,15-26
2007-08,00,22007,1610612744,GoldenState,Warriors,West,28-24,9,-o,Pacific,10-6,3,48,34,0.585,None,48-34,27-14,21-20
2007-08,00,22007,1610612757,Portland,TrailBlazers,West,26-26,10,-o,Northwest,11-5,3,41,41,0.5,None,41-41,28-13,13-28
2007-08,00,22007,1610612751,NewJersey,Nets,East,26-26,10,-o,Atlantic,4-12,4,34,48,0.415,None,34-48,21-20,13-28
2007-08,00,22007,1610612741,Chicago,Bulls,East,24-28,11,-o,Central,11-5,4,33,49,0.402,None,33-49,20-21,13-28
2007-08,00,22007,1610612758,Sacramento,Kings,West,21-31,11,-o,Pacific,3-13,4,38,44,0.463,None,38-44,26-15,12-29
2007-08,00,22007,1610612766,Charlotte,Bobcats,East,19-33,12,-o,Southeast,7-9,4,32,50,0.39,None,32-50,21-20,11-30
2007-08,00,22007,1610612746,LosAngeles,Clippers,West,13-39,12,-o,Pacific,5-11,5,23,59,0.28,None,23-59,13-28,10-31
2007-08,00,22007,1610612750,Minnesota,Timberwolves,West,14-38,13,-o,Northwest,3-13,4,22,60,0.268,None,22-60,15-26,7-34
2007-08,00,22007,1610612749,Milwaukee,Bucks,East,18-34,13,-o,Central,6-10,5,26,56,0.317,None,26-56,19-22,7-34
2007-08,00,22007,1610612763,Memphis,Grizzlies,West,11-41,14,-o,Southwest,2-14,5,22,60,0.268,None,22-60,14-27,8-33
2007-08,00,22007,1610612752,NewYork,Knicks,East,20-32,14,-o,Atlantic,5-11,5,23,59,0.28,None,23-59,15-26,8-33
2007-08,00,22007,1610612760,Seattle,SuperSonics,West,12-40,15,-o,Northwest,6-10,5,20,62,0.244,None,20-62,13-28,7-34
2007-08,00,22007,1610612748,Miami,Heat,East,8-44,15,-o,Southeast,2-14,5,15,67,0.183,None,15-67,9-32,6-35
2008-09,00,22008,1610612739,Cleveland,Cavaliers,East,40-12,1,-e,Central,13-3,1,66,16,0.805,0,66-16,39-2,27-14
2008-09,00,22008,1610612747,LosAngeles,Lakers,West,44-8,1,-w,Pacific,14-2,1,65,17,0.793,0,65-17,36-5,29-12
2008-09,00,22008,1610612743,Denver,Nuggets,West,35-17,2,-nw,Northwest,12-4,1,54,28,0.659,0,54-28,33-8,21-20
2008-09,00,22008,1610612738,Boston,Celtics,East,41-11,2,-a,Atlantic,15-1,1,62,20,0.756,0,62-20,35-6,27-14
2008-09,00,22008,1610612753,Orlando,Magic,East,37-15,3,-se,Southeast,14-2,1,59,23,0.72,0,59-23,32-9,27-14
2008-09,00,22008,1610612759,SanAntonio,Spurs,West,36-16,3,-sw,Southwest,10-6,1,54,28,0.659,0,54-28,28-13,26-15
2008-09,00,22008,1610612737,Atlanta,Hawks,East,30-22,4,-x,Southeast,11-5,2,47,35,0.573,0,47-35,31-10,16-25
2008-09,00,22008,1610612757,Portland,TrailBlazers,West,32-20,4,-x,Northwest,11-5,2,54,28,0.659,0,54-28,34-7,20-21
2008-09,00,22008,1610612745,Houston,Rockets,West,35-17,5,-x,Southwest,9-7,2,53,29,0.646,0,53-29,33-8,20-21
2008-09,00,22008,1610612748,Miami,Heat,East,28-24,5,-x,Southeast,9-7,3,43,39,0.524,0,43-39,28-13,15-26
2008-09,00,22008,1610612742,Dallas,Mavericks,West,29-23,6,-x,Southwest,7-9,3,50,32,0.61,0,50-32,32-9,18-23
2008-09,00,22008,1610612755,Philadelphia,76ers,East,25-27,6,-x,Atlantic,6-10,2,41,41,0.5,0,41-41,24-17,17-24
2008-09,00,22008,1610612740,NewOrleans,Hornets,West,30-22,7,-x,Southwest,9-7,4,49,33,0.598,0,49-33,28-13,21-20
2008-09,00,22008,1610612741,Chicago,Bulls,East,24-28,7,-x,Central,9-7,2,41,41,0.5,0,41-41,28-13,13-28
2008-09,00,22008,1610612762,Utah,Jazz,West,33-19,8,-x,Northwest,10-6,3,48,34,0.585,0,48-34,33-8,15-26
2008-09,00,22008,1610612765,Detroit,Pistons,East,26-26,8,-x,Central,7-9,3,39,43,0.476,0,39-43,21-20,18-23
2008-09,00,22008,1610612756,Phoenix,Suns,West,30-22,9,-o,Pacific,11-5,2,46,36,0.561,0,46-36,28-13,18-23
2008-09,00,22008,1610612754,Indiana,Pacers,East,23-29,9,-o,Central,7-9,4,36,46,0.439,0,36-46,25-16,11-30
2008-09,00,22008,1610612744,GoldenState,Warriors,West,18-34,10,-o,Pacific,6-10,3,29,53,0.354,0,29-53,21-20,8-33
2008-09,00,22008,1610612766,Charlotte,Bobcats,East,20-32,10,-o,Southeast,5-11,4,35,47,0.427,0,35-47,23-18,12-29
2008-09,00,22008,1610612750,Minnesota,Timberwolves,West,13-39,11,-o,Northwest,3-13,4,24,58,0.293,0,24-58,11-30,13-28
2008-09,00,22008,1610612751,NewJersey,Nets,East,23-29,11,-o,Atlantic,8-8,3,34,48,0.415,0,34-48,19-22,15-26
2008-09,00,22008,1610612749,Milwaukee,Bucks,East,21-31,12,-o,Central,4-12,5,34,48,0.415,0,34-48,22-19,12-29
2008-09,00,22008,1610612763,Memphis,Grizzlies,West,14-38,12,-o,Southwest,5-11,5,24,58,0.293,0,24-58,16-25,8-33
2008-09,00,22008,1610612760,OklahomaCity,Thunder,West,15-37,13,-o,Northwest,4-12,5,23,59,0.28,0,23-59,15-26,8-33
2008-09,00,22008,1610612761,Toronto,Raptors,East,22-30,13,-o,Atlantic,6-10,4,33,49,0.402,0,33-49,18-23,15-26
2008-09,00,22008,1610612752,NewYork,Knicks,East,20-32,14,-o,Atlantic,5-11,5,32,50,0.39,0,32-50,20-21,12-29
2008-09,00,22008,1610612746,LosAngeles,Clippers,West,10-42,14,-o,Pacific,2-14,4,19,63,0.232,0,19-63,11-30,8-33
2008-09,00,22008,1610612764,Washington,Wizards,East,10-42,15,-o,Southeast,1-15,5,19,63,0.232,0,19-63,13-28,6-35
2008-09,00,22008,1610612758,Sacramento,Kings,West,16-36,15,-o,Pacific,7-9,5,17,65,0.207,0,17-65,11-30,6-35
2009-10,00,22009,1610612739,Cleveland,Cavaliers,East,38-14,1,-e,Central,12-4,1,61,21,0.744,0,61-21,35-6,26-15
2009-10,00,22009,1610612747,LosAngeles,Lakers,West,35-17,1,-w,Pacific,13-3,1,57,25,0.695,0,57-25,34-7,23-18
2009-10,00,22009,1610612742,Dallas,Mavericks,West,33-19,2,-sw,Southwest,10-6,1,55,27,0.671,0,55-27,28-13,27-14
2009-10,00,22009,1610612753,Orlando,Magic,East,39-13,2,-se,Southeast,10-6,1,59,23,0.72,0,59-23,34-7,25-16
2009-10,00,22009,1610612737,Atlanta,Hawks,East,32-20,3,-x,Southeast,8-8,2,53,29,0.646,0,53-29,34-7,19-22
2009-10,00,22009,1610612756,Phoenix,Suns,West,35-17,3,-x,Pacific,12-4,2,54,28,0.659,0,54-28,32-9,22-19
2009-10,00,22009,1610612738,Boston,Celtics,East,33-19,4,-a,Atlantic,13-3,1,50,32,0.61,0,50-32,24-17,26-15
2009-10,00,22009,1610612743,Denver,Nuggets,West,34-18,4,-nw,Northwest,12-4,1,53,29,0.646,0,53-29,34-7,19-22
2009-10,00,22009,1610612762,Utah,Jazz,West,31-21,5,-x,Northwest,8-8,2,53,29,0.646,0,53-29,32-9,21-20
2009-10,00,22009,1610612748,Miami,Heat,East,32-20,5,-x,Southeast,9-7,3,47,35,0.573,0,47-35,24-17,23-18
2009-10,00,22009,1610612757,Portland,TrailBlazers,West,33-19,6,-x,Northwest,8-8,3,50,32,0.61,0,50-32,26-15,24-17
2009-10,00,22009,1610612749,Milwaukee,Bucks,East,31-21,6,-x,Central,10-6,2,46,36,0.561,0,46-36,28-13,18-23
2009-10,00,22009,1610612766,Charlotte,Bobcats,East,27-25,7,-x,Southeast,10-6,4,44,38,0.537,0,44-38,31-10,13-28
2009-10,00,22009,1610612759,SanAntonio,Spurs,West,31-21,7,-x,Southwest,9-7,2,50,32,0.61,0,50-32,29-12,21-20
2009-10,00,22009,1610612760,OklahomaCity,Thunder,West,28-24,8,-x,Northwest,9-7,4,50,32,0.61,0,50-32,27-14,23-18
2009-10,00,22009,1610612741,Chicago,Bulls,East,28-24,8,-x,Central,10-6,3,41,41,0.5,0,41-41,24-17,17-24
2009-10,00,22009,1610612745,Houston,Rockets,West,28-24,9,-o,Southwest,9-7,3,42,40,0.512,0,42-40,23-18,19-22
2009-10,00,22009,1610612761,Toronto,Raptors,East,29-23,9,-o,Atlantic,11-5,2,40,42,0.488,0,40-42,25-16,15-26
2009-10,00,22009,1610612754,Indiana,Pacers,East,23-29,10,-o,Central,6-10,4,32,50,0.39,0,32-50,23-18,9-32
2009-10,00,22009,1610612763,Memphis,Grizzlies,West,22-30,10,-o,Southwest,5-11,4,40,42,0.488,0,40-42,23-18,17-24
2009-10,00,22009,1610612740,NewOrleans,Hornets,West,26-26,11,-o,Southwest,7-9,5,37,45,0.451,0,37-45,24-17,13-28
2009-10,00,22009,1610612752,NewYork,Knicks,East,20-32,11,-o,Atlantic,6-10,3,29,53,0.354,0,29-53,18-23,11-30
2009-10,00,22009,1610612746,LosAngeles,Clippers,West,15-37,12,-o,Pacific,5-11,3,29,53,0.354,0,29-53,21-20,8-33
2009-10,00,22009,1610612765,Detroit,Pistons,East,18-34,12,-o,Central,2-14,5,27,55,0.329,0,27-55,17-24,10-31
2009-10,00,22009,1610612755,Philadelphia,76ers,East,14-38,13,-o,Atlantic,7-9,4,27,55,0.329,0,27-55,12-29,15-26
2009-10,00,22009,1610612744,GoldenState,Warriors,West,15-37,13,-o,Pacific,5-11,4,26,56,0.317,0,26-56,18-23,8-33
2009-10,00,22009,1610612758,Sacramento,Kings,West,16-36,14,-o,Pacific,5-11,5,25,57,0.305,0,25-57,18-23,7-34
2009-10,00,22009,1610612764,Washington,Wizards,East,18-34,14,-o,Southeast,3-13,5,26,56,0.317,0,26-56,15-26,11-30
2009-10,00,22009,1610612751,NewJersey,Nets,East,8-44,15,-o,Atlantic,3-13,5,12,70,0.146,0,12-70,8-33,4-37
2009-10,00,22009,1610612750,Minnesota,Timberwolves,West,8-44,15,-o,Northwest,3-13,5,15,67,0.183,0,15-67,10-31,5-36
2010-11,00,22010,1610612759,SanAntonio,Spurs,West,38-14,1,-w,Southwest,10-6,1,61,21,0.744,0,61-21,36-5,25-16
2010-11,00,22010,1610612741,Chicago,Bulls,East,39-13,1,-e,Central,15-1,1,62,20,0.756,0,62-20,36-5,26-15
2010-11,00,22010,1610612747,LosAngeles,Lakers,West,36-16,2,-p,Pacific,12-4,1,57,25,0.695,0,57-25,30-11,27-14
2010-11,00,22010,1610612748,Miami,Heat,East,38-14,2,-se,Southeast,13-3,1,58,24,0.707,0,58-24,30-11,28-13
2010-11,00,22010,1610612738,Boston,Celtics,East,37-15,3,-a,Atlantic,13-3,1,56,26,0.683,0,56-26,33-8,23-18
2010-11,00,22010,1610612742,Dallas,Mavericks,West,35-17,3,-x,Southwest,8-8,2,57,25,0.695,0,57-25,29-12,28-13
2010-11,00,22010,1610612760,OklahomaCity,Thunder,West,33-19,4,-nw,Northwest,13-3,1,55,27,0.671,0,55-27,30-11,25-16
2010-11,00,22010,1610612753,Orlando,Magic,East,36-16,4,-x,Southeast,11-5,2,52,30,0.634,0,52-30,29-12,23-18
2010-11,00,22010,1610612737,Atlanta,Hawks,East,31-21,5,-x,Southeast,9-7,3,44,38,0.537,0,44-38,24-17,20-21
2010-11,00,22010,1610612743,Denver,Nuggets,West,30-22,5,-x,Northwest,9-7,2,50,32,0.61,0,50-32,33-8,17-24
2010-11,00,22010,1610612752,NewYork,Knicks,East,28-24,6,-x,Atlantic,10-6,2,42,40,0.512,0,42-40,23-18,19-22
2010-11,00,22010,1610612757,Portland,TrailBlazers,West,30-22,6,-x,Northwest,10-6,3,48,34,0.585,0,48-34,30-11,18-23
2010-11,00,22010,1610612740,NewOrleans,Hornets,West,27-25,7,-x,Southwest,9-7,3,46,36,0.561,0,46-36,28-13,18-23
2010-11,00,22010,1610612755,Philadelphia,76ers,East,25-27,7,-x,Atlantic,9-7,3,41,41,0.5,0,41-41,26-15,15-26
2010-11,00,22010,1610612763,Memphis,Grizzlies,West,30-22,8,-x,Southwest,8-8,4,46,36,0.561,0,46-36,30-11,16-25
2010-11,00,22010,1610612754,Indiana,Pacers,East,28-24,8,-x,Central,9-7,2,37,45,0.451,0,37-45,24-17,13-28
2010-11,00,22010,1610612745,Houston,Rockets,West,25-27,9,-o,Southwest,5-11,5,43,39,0.524,0,43-39,25-16,18-23
2010-11,00,22010,1610612749,Milwaukee,Bucks,East,26-26,9,-o,Central,6-10,3,35,47,0.427,0,35-47,22-19,13-28
2010-11,00,22010,1610612766,Charlotte,Bobcats,East,22-30,10,-o,Southeast,4-12,4,34,48,0.415,0,34-48,21-20,13-28
2010-11,00,22010,1610612756,Phoenix,Suns,West,23-29,10,-o,Pacific,9-7,2,40,42,0.488,0,40-42,23-18,17-24
2010-11,00,22010,1610612765,Detroit,Pistons,East,22-30,11,-o,Central,7-9,4,30,52,0.366,0,30-52,21-20,9-32
2010-11,00,22010,1610612762,Utah,Jazz,West,21-31,11,-o,Northwest,7-9,4,39,43,0.476,0,39-43,21-20,18-23
2010-11,00,22010,1610612751,NewJersey,Nets,East,13-39,12,-o,Atlantic,3-13,4,24,58,0.293,0,24-58,19-22,5-36
2010-11,00,22010,1610612744,GoldenState,Warriors,West,21-31,12,-o,Pacific,5-11,3,36,46,0.439,0,36-46,26-15,10-31
2010-11,00,22010,1610612746,LosAngeles,Clippers,West,19-33,13,-o,Pacific,7-9,4,32,50,0.39,0,32-50,23-18,9-32
2010-11,00,22010,1610612764,Washington,Wizards,East,16-36,13,-o,Southeast,3-13,5,23,59,0.28,0,23-59,20-21,3-38
2010-11,00,22010,1610612758,Sacramento,Kings,West,15-37,14,-o,Pacific,7-9,5,24,58,0.293,0,24-58,11-30,13-28
2010-11,00,22010,1610612761,Toronto,Raptors,East,14-38,14,-o,Atlantic,5-11,5,22,60,0.268,0,22-60,16-25,6-35
2010-11,00,22010,1610612739,Cleveland,Cavaliers,East,15-37,15,-o,Central,3-13,5,19,63,0.232,0,19-63,12-29,7-34
2010-11,00,22010,1610612750,Minnesota,Timberwolves,West,7-45,15,-o,Northwest,1-15,5,17,65,0.207,0,17-65,12-29,5-36
2011-12,00,22011,1610612741,Chicago,Bulls,East,38-10,1,-e,Central,13-1,1,50,16,0.758,0,50-16,26-7,24-9
2011-12,00,22011,1610612759,SanAntonio,Spurs,West,35-13,1,-w,Southwest,12-4,1,50,16,0.758,0,50-16,28-5,22-11
2011-12,00,22011,1610612760,OklahomaCity,Thunder,West,34-14,2,-nw,Northwest,10-3,1,47,19,0.712,0,47-19,26-7,21-12
2011-12,00,22011,1610612748,Miami,Heat,East,35-13,2,-se,Southeast,9-5,1,46,20,0.697,0,46-20,28-5,18-15
2011-12,00,22011,1610612754,Indiana,Pacers,East,29-19,3,-x,Central,9-4,2,42,24,0.636,0,42-24,23-10,19-14
2011-12,00,22011,1610612747,LosAngeles,Lakers,West,32-16,3,-p,Pacific,9-5,1,41,25,0.621,0,41-25,26-7,15-18
2011-12,00,22011,1610612763,Memphis,Grizzlies,West,26-22,4,-x,Southwest,7-8,2,41,25,0.621,0,41-25,26-7,15-18
2011-12,00,22011,1610612738,Boston,Celtics,East,32-16,4,-a,Atlantic,8-6,1,39,27,0.591,0,39-27,24-9,15-18
2011-12,00,22011,1610612737,Atlanta,Hawks,East,31-17,5,-x,Southeast,11-3,2,40,26,0.606,0,40-26,23-10,17-16
2011-12,00,22011,1610612746,LosAngeles,Clippers,West,29-19,5,-x,Pacific,7-7,2,40,26,0.606,0,40-26,24-9,16-17
2011-12,00,22011,1610612743,Denver,Nuggets,West,22-26,6,-x,Northwest,6-7,2,38,28,0.576,0,38-28,20-13,18-15
2011-12,00,22011,1610612753,Orlando,Magic,East,30-18,6,-x,Southeast,8-7,3,37,29,0.561,0,37-29,21-12,16-17
2011-12,00,22011,1610612742,Dallas,Mavericks,West,26-22,7,-x,Southwest,8-5,3,36,30,0.545,0,36-30,23-10,13-20
2011-12,00,22011,1610612752,NewYork,Knicks,East,28-20,7,-x,Atlantic,8-6,2,36,30,0.545,0,36-30,22-11,14-19
2011-12,00,22011,1610612762,Utah,Jazz,West,25-23,8,-x,Northwest,9-4,3,36,30,0.545,0,36-30,25-8,11-22
2011-12,00,22011,1610612755,Philadelphia,76ers,East,28-20,8,-x,Atlantic,7-6,3,35,31,0.53,0,35-31,19-14,16-17
2011-12,00,22011,1610612749,Milwaukee,Bucks,East,24-24,9,-o,Central,7-8,3,31,35,0.47,0,31-35,17-16,14-19
2011-12,00,22011,1610612745,Houston,Rockets,West,23-25,9,-o,Southwest,6-8,4,34,32,0.515,0,34-32,22-11,12-21
2011-12,00,22011,1610612765,Detroit,Pistons,East,20-28,10,-o,Central,4-11,4,25,41,0.379,0,25-41,18-15,7-26
2011-12,00,22011,1610612756,Phoenix,Suns,West,23-25,10,-o,Pacific,9-5,3,33,33,0.5,0,33-33,19-14,14-19
2011-12,00,22011,1610612761,Toronto,Raptors,East,15-33,11,-o,Atlantic,7-8,4,23,43,0.348,0,23-43,13-20,10-23
2011-12,00,22011,1610612757,Portland,TrailBlazers,West,20-28,11,-o,Northwest,4-10,4,28,38,0.424,0,28-38,20-13,8-25
2011-12,00,22011,1610612751,NewJersey,Nets,East,16-32,12,-o,Atlantic,5-9,5,22,44,0.333,0,22-44,9-24,13-20
2011-12,00,22011,1610612750,Minnesota,Timberwolves,West,19-29,12,-o,Northwest,4-9,5,26,40,0.394,0,26-40,13-20,13-20
2011-12,00,22011,1610612739,Cleveland,Cavaliers,East,13-35,13,-o,Central,3-12,5,21,45,0.318,0,21-45,11-22,10-23
2011-12,00,22011,1610612744,GoldenState,Warriors,West,16-32,13,-o,Pacific,7-8,4,23,43,0.348,0,23-43,12-21,11-22
2011-12,00,22011,1610612764,Washington,Wizards,East,16-32,14,-o,Southeast,7-7,4,20,46,0.303,0,20-46,11-22,9-24
2011-12,00,22011,1610612758,Sacramento,Kings,West,16-32,14,-o,Pacific,3-10,5,22,44,0.333,0,22-44,16-17,6-27
2011-12,00,22011,1610612766,Charlotte,Bobcats,East,5-43,15,-o,Southeast,1-14,5,7,59,0.106,0,7-59,4-29,3-30
2011-12,00,22011,1610612740,NewOrleans,Hornets,West,14-34,15,-o,Southwest,3-11,5,21,45,0.318,0,21-45,11-22,10-23
2012-13,00,22012,1610612748,Miami,Heat,East,41-11,1,-e,Southeast,15-1,1,66,16,0.805,0,66-16,37-4,29-12
2012-13,00,22012,1610612760,OklahomaCity,Thunder,West,39-13,1,-w,Northwest,10-6,1,60,22,0.732,0,60-22,34-7,26-15
2012-13,00,22012,1610612752,NewYork,Knicks,East,37-15,2,-a,Atlantic,10-6,1,54,28,0.659,0,54-28,31-10,23-18
2012-13,00,22012,1610612759,SanAntonio,Spurs,West,33-19,2,-sw,Southwest,12-4,1,58,24,0.707,0,58-24,35-6,23-18
2012-13,00,22012,1610612743,Denver,Nuggets,West,38-14,3,-x,Northwest,11-5,2,57,25,0.695,0,57-25,38-3,19-22
2012-13,00,22012,1610612754,Indiana,Pacers,East,31-20,3,-c,Central,13-3,1,49,32,0.605,0,49-32,30-11,19-21
2012-13,00,22012,1610612751,Brooklyn,Nets,East,36-16,4,-x,Atlantic,11-5,2,49,33,0.598,0,49-33,26-15,23-18
2012-13,00,22012,1610612746,LosAngeles,Clippers,West,35-17,4,-p,Pacific,11-5,1,56,26,0.683,0,56-26,32-9,24-17
2012-13,00,22012,1610612763,Memphis,Grizzlies,West,34-18,5,-x,Southwest,10-6,2,56,26,0.683,0,56-26,32-9,24-17
2012-13,00,22012,1610612741,Chicago,Bulls,East,34-18,5,-x,Central,9-7,2,45,37,0.549,0,45-37,24-17,21-20
2012-13,00,22012,1610612744,GoldenState,Warriors,West,28-24,6,-x,Pacific,9-7,2,47,35,0.573,0,47-35,28-13,19-22
2012-13,00,22012,1610612737,Atlanta,Hawks,East,29-23,6,-x,Southeast,11-5,2,44,38,0.537,0,44-38,25-16,19-22
2012-13,00,22012,1610612738,Boston,Celtics,East,27-24,7,-x,Atlantic,7-9,3,41,40,0.506,0,41-40,27-13,14-27
2012-13,00,22012,1610612747,LosAngeles,Lakers,West,28-24,7,-x,Pacific,8-8,3,45,37,0.549,0,45-37,29-12,16-25
2012-13,00,22012,1610612745,Houston,Rockets,West,24-28,8,-x,Southwest,6-10,3,45,37,0.549,0,45-37,29-12,16-25
2012-13,00,22012,1610612749,Milwaukee,Bucks,East,24-28,8,-x,Central,7-9,3,38,44,0.463,0,38-44,21-20,17-24
2012-13,00,22012,1610612755,Philadelphia,76ers,East,22-30,9,-o,Atlantic,7-9,4,34,48,0.415,0,34-48,23-18,11-30
2012-13,00,22012,1610612762,Utah,Jazz,West,26-26,9,-o,Northwest,9-7,3,43,39,0.524,0,43-39,30-11,13-28
2012-13,00,22012,1610612761,Toronto,Raptors,East,22-30,10,-o,Atlantic,5-11,5,34,48,0.415,0,34-48,21-20,13-28
2012-13,00,22012,1610612742,Dallas,Mavericks,West,24-28,10,-o,Southwest,7-9,4,41,41,0.5,0,41-41,24-17,17-24
2012-13,00,22012,1610612757,Portland,TrailBlazers,West,18-34,11,-o,Northwest,6-10,4,33,49,0.402,0,33-49,22-19,11-30
2012-13,00,22012,1610612765,Detroit,Pistons,East,25-27,11,-o,Central,8-8,4,29,53,0.354,0,29-53,18-23,11-30
2012-13,00,22012,1610612750,Minnesota,Timberwolves,West,17-35,12,-o,Northwest,4-12,5,31,51,0.378,0,31-51,20-21,11-30
2012-13,00,22012,1610612764,Washington,Wizards,East,15-37,12,-o,Southeast,5-11,3,29,53,0.354,0,29-53,22-19,7-34
2012-13,00,22012,1610612739,Cleveland,Cavaliers,East,18-34,13,-o,Central,3-13,5,24,58,0.293,0,24-58,14-27,10-31
2012-13,00,22012,1610612758,Sacramento,Kings,West,14-38,13,-o,Pacific,7-9,4,28,54,0.341,0,28-54,20-21,8-33
2012-13,00,22012,1610612740,NewOrleans,Hornets,West,15-37,14,-o,Southwest,5-11,5,27,55,0.329,0,27-55,16-25,11-30
2012-13,00,22012,1610612766,Charlotte,Bobcats,East,18-34,14,-o,Southeast,6-10,4,21,61,0.256,0,21-61,15-26,6-35
2012-13,00,22012,1610612753,Orlando,Magic,East,10-42,15,-o,Southeast,3-13,5,20,62,0.244,0,20-62,12-29,8-33
2012-13,00,22012,1610612756,Phoenix,Suns,West,17-35,15,-o,Pacific,5-11,5,25,57,0.305,0,25-57,17-24,8-33
2013-14,00,22013,1610612754,Indiana,Pacers,East,38-14,1,-e,Central,12-4,1,56,26,0.683,0,56-26,35-6,21-20
2013-14,00,22013,1610612759,SanAntonio,Spurs,West,38-14,1,-w,Southwest,12-4,1,62,20,0.756,0,62-20,32-9,30-11
2013-14,00,22013,1610612760,OklahomaCity,Thunder,West,36-16,2,-nw,Northwest,11-5,1,59,23,0.72,0,59-23,34-7,25-16
2013-14,00,22013,1610612748,Miami,Heat,East,34-18,2,-se,Southeast,12-4,1,54,28,0.659,0,54-28,32-9,22-19
2013-14,00,22013,1610612746,LosAngeles,Clippers,West,36-16,3,-p,Pacific,12-4,1,57,25,0.695,0,57-25,34-7,23-18
2013-14,00,22013,1610612761,Toronto,Raptors,East,32-20,3,-a,Atlantic,11-5,1,48,34,0.585,0,48-34,26-15,22-19
2013-14,00,22013,1610612745,Houston,Rockets,West,31-21,4,-x,Southwest,11-5,2,54,28,0.659,0,54-28,33-8,21-20
2013-14,00,22013,1610612741,Chicago,Bulls,East,35-17,4,-x,Central,11-5,2,48,34,0.585,0,48-34,27-14,21-20
2013-14,00,22013,1610612757,Portland,TrailBlazers,West,31-21,5,-x,Northwest,13-3,2,54,28,0.659,0,54-28,31-10,23-18
2013-14,00,22013,1610612764,Washington,Wizards,East,33-19,5,-x,Southeast,10-6,2,44,38,0.537,0,44-38,22-19,22-19
2013-14,00,22013,1610612751,Brooklyn,Nets,East,26-26,6,-x,Atlantic,9-7,2,44,38,0.537,0,44-38,28-13,16-25
2013-14,00,22013,1610612744,GoldenState,Warriors,West,31-21,6,-x,Pacific,11-5,2,51,31,0.622,0,51-31,27-14,24-17
2013-14,00,22013,1610612763,Memphis,Grizzlies,West,29-23,7,-x,Southwest,4-12,3,50,32,0.61,0,50-32,27-14,23-18
2013-14,00,22013,1610612766,Charlotte,Bobcats,East,30-22,7,-x,Southeast,6-10,3,43,39,0.524,0,43-39,25-16,18-23
2013-14,00,22013,1610612742,Dallas,Mavericks,West,29-23,8,-x,Southwest,9-7,4,49,33,0.598,0,49-33,26-15,23-18
2013-14,00,22013,1610612737,Atlanta,Hawks,East,28-24,8,-x,Southeast,8-8,4,38,44,0.463,0,38-44,24-17,14-27
2013-14,00,22013,1610612752,NewYork,Knicks,East,26-26,9,-o,Atlantic,10-6,3,37,45,0.451,0,37-45,19-22,18-23
2013-14,00,22013,1610612756,Phoenix,Suns,West,28-24,9,-o,Pacific,8-8,3,48,34,0.585,0,48-34,26-15,22-19
2013-14,00,22013,1610612750,Minnesota,Timberwolves,West,23-29,10,-o,Northwest,7-9,3,40,42,0.488,0,40-42,24-17,16-25
2013-14,00,22013,1610612739,Cleveland,Cavaliers,East,21-31,10,-o,Central,7-9,3,33,49,0.402,0,33-49,19-22,14-27
2013-14,00,22013,1610612743,Denver,Nuggets,West,20-32,11,-o,Northwest,5-11,4,36,46,0.439,0,36-46,22-19,14-27
2013-14,00,22013,1610612765,Detroit,Pistons,East,23-29,11,-o,Central,6-10,4,29,53,0.354,0,29-53,17-24,12-29
2013-14,00,22013,1610612740,NewOrleans,Pelicans,West,15-37,12,-o,Southwest,4-12,5,34,48,0.415,0,34-48,22-19,12-29
2013-14,00,22013,1610612738,Boston,Celtics,East,21-31,12,-o,Atlantic,5-11,4,25,57,0.305,0,25-57,16-25,9-32
2013-14,00,22013,1610612753,Orlando,Magic,East,17-35,13,-o,Southeast,4-12,5,23,59,0.28,0,23-59,19-22,4-37
2013-14,00,22013,1610612758,Sacramento,Kings,West,15-37,13,-o,Pacific,3-13,4,28,54,0.341,0,28-54,17-24,11-30
2013-14,00,22013,1610612747,LosAngeles,Lakers,West,15-37,14,-o,Pacific,6-10,5,27,55,0.329,0,27-55,14-27,13-28
2013-14,00,22013,1610612755,Philadelphia,76ers,East,14-38,14,-o,Atlantic,5-11,5,19,63,0.232,0,19-63,10-31,9-32
2013-14,00,22013,1610612749,Milwaukee,Bucks,East,12-40,15,-o,Central,4-12,5,15,67,0.183,0,15-67,10-31,5-36
2013-14,00,22013,1610612762,Utah,Jazz,West,13-39,15,-o,Northwest,4-12,5,25,57,0.305,0,25-57,16-25,9-32
2014-15,00,22014,1610612737,Atlanta,Hawks,East,38-14,1,-e,Southeast,12-4,1,60,22,0.732,0,60-22,35-6,25-16
2014-15,00,22014,1610612744,GoldenState,Warriors,West,42-10,1,-w,Pacific,13-3,1,67,15,0.817,0,67-15,39-2,28-13
2014-15,00,22014,1610612739,Cleveland,Cavaliers,East,35-17,2,-c,Central,11-5,1,53,29,0.646,0,53-29,31-10,22-19
2014-15,00,22014,1610612745,Houston,Rockets,West,33-19,2,-sw,Southwest,8-8,1,56,26,0.683,0,56-26,30-11,26-15
2014-15,00,22014,1610612741,Chicago,Bulls,East,33-19,3,-x,Central,8-8,2,50,32,0.61,0,50-32,27-14,23-18
2014-15,00,22014,1610612746,LosAngeles,Clippers,West,37-15,3,-x,Pacific,12-4,2,56,26,0.683,0,56-26,30-11,26-15
2014-15,00,22014,1610612761,Toronto,Raptors,East,33-19,4,-a,Atlantic,11-5,1,49,33,0.598,0,49-33,27-14,22-19
2014-15,00,22014,1610612757,Portland,TrailBlazers,West,31-21,4,-nw,Northwest,11-5,1,51,31,0.622,0,51-31,32-9,19-22
2014-15,00,22014,1610612764,Washington,Wizards,East,30-22,5,-x,Southeast,10-6,2,46,36,0.561,0,46-36,29-12,17-24
2014-15,00,22014,1610612763,Memphis,Grizzlies,West,35-17,5,-x,Southwest,9-7,2,55,27,0.671,0,55-27,31-10,24-17
2014-15,00,22014,1610612749,Milwaukee,Bucks,East,30-22,6,-x,Central,7-9,3,41,41,0.5,0,41-41,23-18,18-23
2014-15,00,22014,1610612759,SanAntonio,Spurs,West,32-20,6,-x,Southwest,8-8,3,55,27,0.671,0,55-27,33-8,22-19
2014-15,00,22014,1610612742,Dallas,Mavericks,West,29-23,7,-x,Southwest,7-9,4,50,32,0.61,0,50-32,27-14,23-18
2014-15,00,22014,1610612738,Boston,Celtics,East,28-24,7,-x,Atlantic,12-4,2,40,42,0.488,0,40-42,21-20,19-22
2014-15,00,22014,1610612740,NewOrleans,Pelicans,West,29-23,8,-x,Southwest,8-8,5,45,37,0.549,0,45-37,28-13,17-24
2014-15,00,22014,1610612751,Brooklyn,Nets,East,24-28,8,-x,Atlantic,10-6,3,38,44,0.463,0,38-44,19-22,19-22
2014-15,00,22014,1610612754,Indiana,Pacers,East,28-24,9,-o,Central,8-8,4,38,44,0.463,0,38-44,23-18,15-26
2014-15,00,22014,1610612760,OklahomaCity,Thunder,West,25-27,9,-o,Northwest,10-6,2,45,37,0.549,0,45-37,29-12,16-25
2014-15,00,22014,1610612748,Miami,Heat,East,25-27,10,-o,Southeast,6-10,3,37,45,0.451,0,37-45,20-21,17-24
2014-15,00,22014,1610612756,Phoenix,Suns,West,21-31,10,-o,Pacific,6-10,3,39,43,0.476,0,39-43,22-19,17-24
2014-15,00,22014,1610612766,Charlotte,Hornets,East,25-27,11,-o,Southeast,8-8,4,33,49,0.402,0,33-49,19-22,14-27
2014-15,00,22014,1610612762,Utah,Jazz,West,23-29,11,-o,Northwest,9-7,3,38,44,0.463,0,38-44,21-20,17-24
2014-15,00,22014,1610612743,Denver,Nuggets,West,19-33,12,-o,Northwest,6-10,4,30,52,0.366,0,30-52,19-22,11-30
2014-15,00,22014,1610612765,Detroit,Pistons,East,23-29,12,-o,Central,6-10,5,32,50,0.39,0,32-50,18-23,14-27
2014-15,00,22014,1610612758,Sacramento,Kings,West,18-34,13,-o,Pacific,7-9,4,29,53,0.354,0,29-53,18-23,11-30
2014-15,00,22014,1610612753,Orlando,Magic,East,15-37,13,-o,Southeast,4-12,5,25,57,0.305,0,25-57,13-28,12-29
2014-15,00,22014,1610612755,Philadelphia,76ers,East,12-40,14,-o,Atlantic,2-14,4,18,64,0.22,0,18-64,12-29,6-35
2014-15,00,22014,1610612747,LosAngeles,Lakers,West,9-43,14,-o,Pacific,2-14,5,21,61,0.256,0,21-61,12-29,9-32
2014-15,00,22014,1610612752,NewYork,Knicks,East,11-41,15,-o,Atlantic,5-11,5,17,65,0.207,0,17-65,10-31,7-34
2014-15,00,22014,1610612750,Minnesota,Timberwolves,West,7-45,15,-o,Northwest,4-12,5,16,66,0.195,0,16-66,9-32,7-34
2015-16,00,22015,1610612744,GoldenState,Warriors,West,46-6,1,-w,Pacific,15-1,1,73,9,0.89,0,73-9,39-2,34-7
2015-16,00,22015,1610612739,Cleveland,Cavaliers,East,35-17,1,-e,Central,8-8,1,57,25,0.695,0,57-25,33-8,24-17
2015-16,00,22015,1610612761,Toronto,Raptors,East,39-13,2,-a,Atlantic,14-2,1,56,26,0.683,0,56-26,32-9,24-17
2015-16,00,22015,1610612759,SanAntonio,Spurs,West,43-9,2,-sw,Southwest,14-2,1,67,15,0.817,0,67-15,40-1,27-14
2015-16,00,22015,1610612760,OklahomaCity,Thunder,West,37-15,3,-nw,Northwest,13-3,1,55,27,0.671,0,55-27,32-9,23-18
2015-16,00,22015,1610612748,Miami,Heat,East,31-21,3,-se,Southeast,10-6,1,48,34,0.585,0,48-34,28-13,20-21
2015-16,00,22015,1610612737,Atlanta,Hawks,East,29-23,4,-x,Southeast,8-8,2,48,34,0.585,0,48-34,27-14,21-20
2015-16,00,22015,1610612746,LA,Clippers,West,31-21,4,-x,Pacific,9-7,2,53,29,0.646,0,53-29,29-12,24-17
2015-16,00,22015,1610612757,Portland,TrailBlazers,West,29-23,5,-x,Northwest,11-5,2,44,38,0.537,0,44-38,28-13,16-25
2015-16,00,22015,1610612738,Boston,Celtics,East,31-21,5,-x,Atlantic,10-6,2,48,34,0.585,0,48-34,28-13,20-21
2015-16,00,22015,1610612766,Charlotte,Hornets,East,33-19,6,-x,Southeast,8-8,3,48,34,0.585,0,48-34,30-11,18-23
2015-16,00,22015,1610612742,Dallas,Mavericks,West,27-25,6,-x,Southwest,7-9,2,42,40,0.512,0,42-40,23-18,19-22
2015-16,00,22015,1610612754,Indiana,Pacers,East,30-22,7,-x,Central,8-8,2,45,37,0.549,0,45-37,26-15,19-22
2015-16,00,22015,1610612763,Memphis,Grizzlies,West,25-27,7,-x,Southwest,7-9,3,42,40,0.512,0,42-40,26-15,16-25
2015-16,00,22015,1610612745,Houston,Rockets,West,28-24,8,-x,Southwest,8-8,4,41,41,0.5,0,41-41,23-18,18-23
2015-16,00,22015,1610612765,Detroit,Pistons,East,29-23,8,-x,Central,10-6,3,44,38,0.537,0,44-38,26-15,18-23
2015-16,00,22015,1610612762,Utah,Jazz,West,24-28,9,-o,Northwest,8-8,3,40,42,0.488,0,40-42,24-17,16-25
2015-16,00,22015,1610612741,Chicago,Bulls,East,25-27,9,-o,Central,10-6,4,42,40,0.512,0,42-40,26-15,16-25
2015-16,00,22015,1610612764,Washington,Wizards,East,30-22,10,-o,Southeast,10-6,4,41,41,0.5,0,41-41,22-19,19-22
2015-16,00,22015,1610612758,Sacramento,Kings,West,19-33,10,-o,Pacific,8-8,3,33,49,0.402,0,33-49,18-23,15-26
2015-16,00,22015,1610612753,Orlando,Magic,East,21-31,11,-o,Southeast,4-12,5,35,47,0.427,0,35-47,23-18,12-29
2015-16,00,22015,1610612743,Denver,Nuggets,West,18-34,11,-o,Northwest,4-12,4,33,49,0.402,0,33-49,18-23,15-26
2015-16,00,22015,1610612749,Milwaukee,Bucks,East,21-31,12,-o,Central,4-12,5,33,49,0.402,0,33-49,23-18,10-31
2015-16,00,22015,1610612740,NewOrleans,Pelicans,West,20-32,12,-o,Southwest,4-12,5,30,52,0.366,0,30-52,21-20,9-32
2015-16,00,22015,1610612752,NewYork,Knicks,East,21-31,13,-o,Atlantic,8-8,3,32,50,0.39,0,32-50,18-23,14-27
2015-16,00,22015,1610612750,Minnesota,Timberwolves,West,18-34,13,-o,Northwest,4-12,5,29,53,0.354,0,29-53,14-27,15-26
2015-16,00,22015,1610612756,Phoenix,Suns,West,17-35,14,-o,Pacific,6-10,4,23,59,0.28,0,23-59,14-27,9-32
2015-16,00,22015,1610612751,Brooklyn,Nets,East,12-40,14,-o,Atlantic,6-10,4,21,61,0.256,0,21-61,14-27,7-34
2015-16,00,22015,1610612755,Philadelphia,76ers,East,3-49,15,-o,Atlantic,2-14,5,10,72,0.122,0,10-72,7-34,3-38
2015-16,00,22015,1610612747,LosAngeles,Lakers,West,8-44,15,-o,Pacific,2-14,5,17,65,0.207,0,17-65,12-29,5-36
2016-17,00,22016,1610612738,Boston,Celtics,East,36-16,1,-e,Atlantic,11-5,1,53,29,0.646,0,53-29,30-11,23-18
2016-17,00,22016,1610612744,GoldenState,Warriors,West,42-10,1,-w,Pacific,14-2,1,67,15,0.817,0,67-15,36-5,31-10
2016-17,00,22016,1610612739,Cleveland,Cavaliers,East,35-17,2,-c,Central,8-8,1,51,31,0.622,0,51-31,31-10,20-21
2016-17,00,22016,1610612759,SanAntonio,Spurs,West,36-16,2,-sw,Southwest,11-5,1,61,21,0.744,0,61-21,31-10,30-11
2016-17,00,22016,1610612745,Houston,Rockets,West,36-16,3,-x,Southwest,10-6,2,55,27,0.671,0,55-27,30-11,25-16
2016-17,00,22016,1610612761,Toronto,Raptors,East,34-18,3,-x,Atlantic,14-2,2,51,31,0.622,0,51-31,28-13,23-18
2016-17,00,22016,1610612746,LA,Clippers,West,31-21,4,-x,Pacific,10-6,2,51,31,0.622,0,51-31,29-12,22-19
2016-17,00,22016,1610612764,Washington,Wizards,East,32-20,4,-se,Southeast,8-8,1,49,33,0.598,0,49-33,30-11,19-22
2016-17,00,22016,1610612737,Atlanta,Hawks,East,30-22,5,-x,Southeast,6-10,2,43,39,0.524,0,43-39,23-18,20-21
2016-17,00,22016,1610612762,Utah,Jazz,West,31-21,5,-nw,Northwest,8-8,1,51,31,0.622,0,51-31,29-12,22-19
2016-17,00,22016,1610612749,Milwaukee,Bucks,East,27-25,6,-x,Central,10-6,2,42,40,0.512,0,42-40,23-18,19-22
2016-17,00,22016,1610612760,OklahomaCity,Thunder,West,29-23,6,-x,Northwest,10-6,2,47,35,0.573,0,47-35,28-13,19-22
2016-17,00,22016,1610612763,Memphis,Grizzlies,West,28-24,7,-x,Southwest,8-8,3,43,39,0.524,0,43-39,24-17,19-22
2016-17,00,22016,1610612754,Indiana,Pacers,East,26-26,7,-x,Central,8-8,3,42,40,0.512,0,42-40,29-12,13-28
2016-17,00,22016,1610612741,Chicago,Bulls,East,28-24,8,-x,Central,9-7,4,41,41,0.5,0,41-41,25-16,16-25
2016-17,00,22016,1610612757,Portland,TrailBlazers,West,28-24,8,-x,Northwest,11-5,3,41,41,0.5,0,41-41,25-16,16-25
2016-17,00,22016,1610612748,Miami,Heat,East,27-25,9,-o,Southeast,9-7,3,41,41,0.5,0,41-41,23-18,18-23
2016-17,00,22016,1610612743,Denver,Nuggets,West,24-28,9,-o,Northwest,6-10,4,40,42,0.488,0,40-42,22-19,18-23
2016-17,00,22016,1610612765,Detroit,Pistons,East,21-31,10,-o,Central,5-11,5,37,45,0.451,0,37-45,24-17,13-28
2016-17,00,22016,1610612740,NewOrleans,Pelicans,West,20-32,10,-o,Southwest,6-10,4,34,48,0.415,0,34-48,21-20,13-28
2016-17,00,22016,1610612742,Dallas,Mavericks,West,19-33,11,-o,Southwest,5-11,5,33,49,0.402,0,33-49,21-20,12-29
2016-17,00,22016,1610612766,Charlotte,Hornets,East,22-30,11,-o,Southeast,10-6,4,36,46,0.439,0,36-46,22-19,14-27
2016-17,00,22016,1610612758,Sacramento,Kings,West,21-31,12,-o,Pacific,7-9,3,32,50,0.39,0,32-50,17-24,15-26
2016-17,00,22016,1610612752,NewYork,Knicks,East,22-30,12,-o,Atlantic,5-11,3,31,51,0.378,0,31-51,19-22,12-29
2016-17,00,22016,1610612753,Orlando,Magic,East,20-32,13,-o,Southeast,7-9,5,29,53,0.354,0,29-53,16-25,13-28
2016-17,00,22016,1610612750,Minnesota,Timberwolves,West,18-34,13,-o,Northwest,5-11,5,31,51,0.378,0,31-51,20-21,11-30
2016-17,00,22016,1610612755,Philadelphia,76ers,East,19-33,14,-o,Atlantic,7-9,4,28,54,0.341,0,28-54,17-24,11-30
2016-17,00,22016,1610612747,LosAngeles,Lakers,West,16-36,14,-o,Pacific,6-10,4,26,56,0.317,0,26-56,17-24,9-32
2016-17,00,22016,1610612756,Phoenix,Suns,West,11-41,15,-o,Pacific,3-13,5,24,58,0.293,0,24-58,15-26,9-32
2016-17,00,22016,1610612751,Brooklyn,Nets,East,11-41,15,-o,Atlantic,3-13,5,20,62,0.244,0,20-62,13-28,7-34
2017-18,00,22017,1610612745,Houston,Rockets,West,41-11,1,-w,Southwest,12-4,1,65,17,0.793,0,65-17,34-7,31-10
2017-18,00,22017,1610612761,Toronto,Raptors,East,40-12,1,-e,Atlantic,12-4,1,59,23,0.72,0,59-23,34-7,25-16
2017-18,00,22017,1610612738,Boston,Celtics,East,33-19,2,-x,Atlantic,12-4,2,55,27,0.671,0,55-27,27-14,28-13
2017-18,00,22017,1610612744,GoldenState,Warriors,West,34-18,2,-p,Pacific,13-3,1,58,24,0.707,0,58-24,29-12,29-12
2017-18,00,22017,1610612757,Portland,TrailBlazers,West,31-21,3,-nw,Northwest,9-7,1,49,33,0.598,0,49-33,28-13,21-20
2017-18,00,22017,1610612755,Philadelphia,76ers,East,34-18,3,-x,Atlantic,9-7,3,52,30,0.634,0,52-30,30-11,22-19
2017-18,00,22017,1610612739,Cleveland,Cavaliers,East,35-17,4,-c,Central,11-5,1,50,32,0.61,0,50-32,29-12,21-20
2017-18,00,22017,1610612760,OklahomaCity,Thunder,West,28-24,4,-x,Northwest,5-11,2,48,34,0.585,0,48-34,27-14,21-20
2017-18,00,22017,1610612762,Utah,Jazz,West,34-18,5,-x,Northwest,7-9,3,48,34,0.585,0,48-34,28-13,20-21
2017-18,00,22017,1610612754,Indiana,Pacers,East,32-20,5,-x,Central,10-6,2,48,34,0.585,0,48-34,27-14,21-20
2017-18,00,22017,1610612740,NewOrleans,Pelicans,West,27-25,6,-x,Southwest,9-7,2,48,34,0.585,0,48-34,24-17,24-17
2017-18,00,22017,1610612748,Miami,Heat,East,31-21,6,-se,Southeast,11-5,1,44,38,0.537,0,44-38,26-15,18-23
2017-18,00,22017,1610612759,SanAntonio,Spurs,West,29-23,7,-x,Southwest,9-7,3,47,35,0.573,0,47-35,33-8,14-27
2017-18,00,22017,1610612749,Milwaukee,Bucks,East,27-25,7,-x,Central,6-10,3,44,38,0.537,0,44-38,25-16,19-22
2017-18,00,22017,1610612750,Minnesota,Timberwolves,West,34-18,8,-x,Northwest,10-6,4,47,35,0.573,0,47-35,30-11,17-24
2017-18,00,22017,1610612764,Washington,Wizards,East,28-24,8,-x,Southeast,8-8,2,43,39,0.524,0,43-39,23-18,20-21
2017-18,00,22017,1610612765,Detroit,Pistons,East,24-28,9,-o,Central,9-7,4,39,43,0.476,0,39-43,25-16,14-27
2017-18,00,22017,1610612743,Denver,Nuggets,West,28-24,9,-o,Northwest,9-7,5,46,36,0.561,0,46-36,31-10,15-26
2017-18,00,22017,1610612746,LA,Clippers,West,24-28,10,-o,Pacific,12-4,2,42,40,0.512,0,42-40,22-19,20-21
2017-18,00,22017,1610612766,Charlotte,Hornets,East,22-30,10,-o,Southeast,11-5,3,36,46,0.439,0,36-46,21-20,15-26
2017-18,00,22017,1610612747,LosAngeles,Lakers,West,19-33,11,-o,Pacific,6-10,3,35,47,0.427,0,35-47,20-21,15-26
2017-18,00,22017,1610612752,NewYork,Knicks,East,17-35,11,-o,Atlantic,6-10,4,29,53,0.354,0,29-53,19-22,10-31
2017-18,00,22017,1610612751,Brooklyn,Nets,East,19-33,12,-o,Atlantic,1-15,5,28,54,0.341,0,28-54,15-26,13-28
2017-18,00,22017,1610612758,Sacramento,Kings,West,14-38,12,-o,Pacific,5-11,4,27,55,0.329,0,27-55,14-27,13-28
2017-18,00,22017,1610612742,Dallas,Mavericks,West,14-38,13,-o,Southwest,5-11,4,24,58,0.293,0,24-58,15-26,9-32
2017-18,00,22017,1610612741,Chicago,Bulls,East,21-31,13,-o,Central,4-12,5,27,55,0.329,0,27-55,17-24,10-31
2017-18,00,22017,1610612763,Memphis,Grizzlies,West,18-34,14,-o,Southwest,5-11,5,22,60,0.268,0,22-60,16-25,6-35
2017-18,00,22017,1610612753,Orlando,Magic,East,15-37,14,-o,Southeast,5-11,4,25,57,0.305,0,25-57,17-24,8-33
2017-18,00,22017,1610612756,Phoenix,Suns,West,15-37,15,-o,Pacific,4-12,5,21,61,0.256,0,21-61,10-31,11-30
2017-18,00,22017,1610612737,Atlanta,Hawks,East,12-40,15,-o,Southeast,5-11,5,24,58,0.293,0,24-58,16-25,8-33
2018-19,00,22018,1610612744,GoldenState,Warriors,West,35-17,1,-w,Pacific,13-3,1,57,25,0.695,0,57-25,30-11,27-14
2018-19,00,22018,1610612749,Milwaukee,Bucks,East,40-12,1,-e,Central,14-2,1,60,22,0.732,0,60-22,33-8,27-14
2018-19,00,22018,1610612761,Toronto,Raptors,East,36-16,2,-a,Atlantic,12-4,1,58,24,0.707,0,58-24,32-9,26-15
2018-19,00,22018,1610612743,Denver,Nuggets,West,34-18,2,-nw,Northwest,12-4,1,54,28,0.659,0,54-28,34-7,20-21
2018-19,00,22018,1610612757,Portland,TrailBlazers,West,29-23,3,-x,Northwest,6-10,2,53,29,0.646,0,53-29,32-9,21-20
2018-19,00,22018,1610612755,Philadelphia,76ers,East,31-21,3,-x,Atlantic,8-8,2,51,31,0.622,0,51-31,31-10,20-21
2018-19,00,22018,1610612738,Boston,Celtics,East,35-17,4,-x,Atlantic,10-6,3,49,33,0.598,0,49-33,28-13,21-20
2018-19,00,22018,1610612745,Houston,Rockets,West,32-20,4,-sw,Southwest,10-6,1,53,29,0.646,0,53-29,31-10,22-19
2018-19,00,22018,1610612762,Utah,Jazz,West,30-22,5,-x,Northwest,8-8,3,50,32,0.61,0,50-32,29-12,21-20
2018-19,00,22018,1610612754,Indiana,Pacers,East,33-19,5,-x,Central,11-5,2,48,34,0.585,0,48-34,29-12,19-22
2018-19,00,22018,1610612751,Brooklyn,Nets,East,29-23,6,-x,Atlantic,8-8,4,42,40,0.512,0,42-40,23-18,19-22
2018-19,00,22018,1610612760,OklahomaCity,Thunder,West,28-24,6,-x,Northwest,9-7,4,49,33,0.598,0,49-33,27-14,22-19
2018-19,00,22018,1610612759,SanAntonio,Spurs,West,30-22,7,-x,Southwest,10-6,2,48,34,0.585,0,48-34,32-9,16-25
2018-19,00,22018,1610612753,Orlando,Magic,East,30-22,7,-se,Southeast,10-6,1,42,40,0.512,0,42-40,25-16,17-24
2018-19,00,22018,1610612746,LA,Clippers,West,28-24,8,-x,Pacific,11-5,2,48,34,0.585,0,48-34,26-15,22-19
2018-19,00,22018,1610612765,Detroit,Pistons,East,27-25,8,-x,Central,8-8,3,41,41,0.5,0,41-41,26-15,15-26
2018-19,00,22018,1610612758,Sacramento,Kings,West,21-31,9,-o,Pacific,4-12,3,39,43,0.476,0,39-43,24-17,15-26
2018-19,00,22018,1610612766,Charlotte,Hornets,East,29-23,9,-o,Southeast,10-6,2,39,43,0.476,0,39-43,25-16,14-27
2018-19,00,22018,1610612748,Miami,Heat,East,23-29,10,-o,Southeast,7-9,3,39,43,0.476,0,39-43,19-22,20-21
2018-19,00,22018,1610612747,LosAngeles,Lakers,West,25-27,10,-o,Pacific,9-7,4,37,45,0.451,0,37-45,22-19,15-26
2018-19,00,22018,1610612764,Washington,Wizards,East,19-33,11,-o,Southeast,7-9,4,32,50,0.39,0,32-50,22-19,10-31
2018-19,00,22018,1610612750,Minnesota,Timberwolves,West,22-30,11,-o,Northwest,5-11,5,36,46,0.439,0,36-46,25-16,11-30
2018-19,00,22018,1610612763,Memphis,Grizzlies,West,24-28,12,-o,Southwest,8-8,3,33,49,0.402,0,33-49,21-20,12-29
2018-19,00,22018,1610612737,Atlanta,Hawks,East,16-36,12,-o,Southeast,6-10,5,29,53,0.354,0,29-53,17-24,12-29
2018-19,00,22018,1610612741,Chicago,Bulls,East,16-36,13,-o,Central,3-13,4,22,60,0.268,0,22-60,9-32,13-28
2018-19,00,22018,1610612740,NewOrleans,Pelicans,West,23-29,13,-o,Southwest,8-8,4,33,49,0.402,0,33-49,19-22,14-27
2018-19,00,22018,1610612742,Dallas,Mavericks,West,18-34,14,-o,Southwest,4-12,5,33,49,0.402,0,33-49,24-17,9-32
2018-19,00,22018,1610612739,Cleveland,Cavaliers,East,15-37,14,-o,Central,4-12,5,19,63,0.232,0,19-63,13-28,6-35
2018-19,00,22018,1610612756,Phoenix,Suns,West,11-41,15,-o,Pacific,3-13,5,19,63,0.232,0,19-63,12-29,7-34
2018-19,00,22018,1610612752,NewYork,Knicks,East,11-41,15,-o,Atlantic,2-14,5,17,65,0.207,0,17-65,9-32,8-33
2019-20,00,22019,1610612747,LosAngeles,Lakers,West,36-10,1,-w,Pacific,10-3,1,52,19,0.732,0,52-19,25-10,27-9
2019-20,00,22019,1610612749,Milwaukee,Bucks,East,37-7,1,-e,Central,13-1,1,56,17,0.767,0,56-17,30-5,26-12
2019-20,00,22019,1610612761,Toronto,Raptors,East,34-11,2,-a,Atlantic,9-5,1,53,19,0.736,0,53-19,26-10,27-9
2019-20,00,22019,1610612746,LA,Clippers,West,32-16,2,-x,Pacific,8-6,2,49,23,0.681,0,49-23,27-9,22-14
2019-20,00,22019,1610612743,Denver,Nuggets,West,29-16,3,-nw,Northwest,12-2,1,46,27,0.63,0,46-27,26-11,20-16
2019-20,00,22019,1610612738,Boston,Celtics,East,30-13,3,-x,Atlantic,9-6,2,48,24,0.667,0,48-24,26-10,22-14
2019-20,00,22019,1610612745,Houston,Rockets,West,28-19,4,-sw,Southwest,8-5,1,44,28,0.611,0,44-28,24-12,20-16
2019-20,00,22019,1610612754,Indiana,Pacers,East,28-19,4,-x,Central,8-7,2,45,28,0.616,0,45-28,25-11,20-17
2019-20,00,22019,1610612760,OklahomaCity,Thunder,West,27-19,5,-x,Northwest,8-5,2,44,28,0.611,0,44-28,23-14,21-14
2019-20,00,22019,1610612748,Miami,Heat,East,30-13,5,-se,Southeast,10-4,1,44,29,0.603,0,44-29,29-7,15-22
2019-20,00,22019,1610612762,Utah,Jazz,West,24-21,6,-x,Northwest,5-7,3,44,28,0.611,0,44-28,23-12,21-16
2019-20,00,22019,1610612755,Philadelphia,76ers,East,28-18,6,-x,Atlantic,11-5,3,43,30,0.589,0,43-30,31-4,12-26
2019-20,00,22019,1610612751,Brooklyn,Nets,East,23-23,7,-x,Atlantic,6-10,4,35,37,0.486,0,35-37,20-16,15-21
2019-20,00,22019,1610612742,Dallas,Mavericks,West,27-20,7,-x,Southwest,10-4,2,43,32,0.573,0,43-32,20-18,23-14
2019-20,00,22019,1610612757,Portland,TrailBlazers,West,20-27,8,-x,Northwest,5-8,4,35,39,0.473,0,35-39,21-15,14-24
2019-20,00,22019,1610612753,Orlando,Magic,East,20-23,8,-x,Southeast,9-5,2,33,40,0.452,0,33-40,18-17,15-23
2019-20,00,22019,1610612763,Memphis,Grizzlies,West,20-26,9,,Southwest,4-9,3,34,39,0.466,0,34-39,20-17,14-22
2019-20,00,22019,1610612764,Washington,Wizards,East,18-27,9,-o,Southeast,5-9,3,25,47,0.347,0,25-47,16-20,9-27
2019-20,00,22019,1610612766,Charlotte,Hornets,East,16-24,10,-o,Southeast,2-7,4,23,42,0.354,0,23-42,10-21,13-21
2019-20,00,22019,1610612756,Phoenix,Suns,West,19-27,10,-o,Pacific,6-9,3,34,39,0.466,0,34-39,17-22,17-17
2019-20,00,22019,1610612741,Chicago,Bulls,East,15-28,11,-o,Central,7-9,3,22,43,0.338,0,22-43,14-20,8-23
2019-20,00,22019,1610612759,SanAntonio,Spurs,West,20-23,11,-o,Southwest,7-6,4,32,39,0.451,0,32-39,19-15,13-24
2019-20,00,22019,1610612758,Sacramento,Kings,West,23-23,12,-o,Pacific,8-5,4,31,41,0.431,0,31-41,16-19,15-22
2019-20,00,22019,1610612752,NewYork,Knicks,East,15-28,12,-o,Atlantic,2-11,5,21,45,0.318,0,21-45,11-22,10-23
2019-20,00,22019,1610612765,Detroit,Pistons,East,12-31,13,-o,Central,5-10,4,20,46,0.303,0,20-46,11-22,9-24
2019-20,00,22019,1610612740,NewOrleans,Pelicans,West,18-30,13,-o,Southwest,4-9,5,30,42,0.417,0,30-42,15-21,15-21
2019-20,00,22019,1610612750,Minnesota,Timberwolves,West,9-30,14,-o,Northwest,2-10,5,19,45,0.297,0,19-45,8-24,11-21
2019-20,00,22019,1610612737,Atlanta,Hawks,East,11-32,14,-o,Southeast,6-7,5,20,47,0.299,0,20-47,14-20,6-27
2019-20,00,22019,1610612744,GoldenState,Warriors,West,9-34,15,-o,Pacific,2-11,5,15,50,0.231,0,15-50,8-26,7-24
2019-20,00,22019,1610612739,Cleveland,Cavaliers,East,12-32,15,-o,Central,4-10,5,19,46,0.292,0,19-46,11-25,8-21
2020-21,00,22020,1610612755,Philadelphia,76ers,East,31-11,1,-e,Atlantic,10-2,1,49,23,0.681,0,49-23,29-7,20-16
2020-21,00,22020,1610612762,Utah,Jazz,West,28-14,1,-w,Northwest,7-5,1,52,20,0.722,0,52-20,31-5,21-15
2020-21,00,22020,1610612751,Brooklyn,Nets,East,26-16,2,-x,Atlantic,8-4,2,48,24,0.667,0,48-24,28-8,20-16
2020-21,00,22020,1610612756,Phoenix,Suns,West,30-12,2,-p,Pacific,7-5,1,51,21,0.708,0,51-21,27-9,24-12
2020-21,00,22020,1610612743,Denver,Nuggets,West,26-16,3,-x,Northwest,9-3,2,47,25,0.653,0,47-25,25-11,22-14
2020-21,00,22020,1610612749,Milwaukee,Bucks,East,30-12,3,-c,Central,11-1,1,46,26,0.639,0,46-26,26-10,20-16
2020-21,00,22020,1610612746,LA,Clippers,West,27-15,4,-x,Pacific,9-3,2,47,25,0.653,0,47-25,26-10,21-15
2020-21,00,22020,1610612752,NewYork,Knicks,East,25-17,4,-x,Atlantic,4-8,3,41,31,0.569,0,41-31,25-11,16-20
2020-21,00,22020,1610612742,Dallas,Mavericks,West,21-21,5,-sw,Southwest,7-5,1,42,30,0.583,0,42-30,21-15,21-15
2020-21,00,22020,1610612737,Atlanta,Hawks,East,24-18,5,-se,Southeast,9-3,1,41,31,0.569,0,41-31,25-11,16-20
2020-21,00,22020,1610612757,Portland,TrailBlazers,West,23-19,6,-x,Northwest,6-6,3,42,30,0.583,0,42-30,20-16,22-14
2020-21,00,22020,1610612748,Miami,Heat,East,24-18,6,-x,Southeast,6-6,2,40,32,0.556,0,40-32,21-15,19-17
2020-21,00,22020,1610612738,Boston,Celtics,East,20-22,7,-x,Atlantic,4-8,4,36,36,0.5,0,36-36,21-15,15-21
2020-21,00,22020,1610612747,LosAngeles,Lakers,West,25-17,7,-x,Pacific,4-8,3,42,30,0.583,0,42-30,21-15,21-15
2020-21,00,22020,1610612763,Memphis,Grizzlies,West,19-23,8,-x,Southwest,6-6,2,38,34,0.528,0,38-34,18-18,20-16
2020-21,00,22020,1610612764,Washington,Wizards,East,16-26,8,-x,Southeast,3-9,3,34,38,0.472,0,34-38,19-17,15-21
2020-21,00,22020,1610612754,Indiana,Pacers,East,20-22,9,,Central,7-5,2,34,38,0.472,0,34-38,13-23,21-15
2020-21,00,22020,1610612744,GoldenState,Warriors,West,25-17,9,,Pacific,5-7,4,39,33,0.542,0,39-33,25-11,14-22
2020-21,00,22020,1610612759,SanAntonio,Spurs,West,17-25,10,,Southwest,6-6,3,33,39,0.458,0,33-39,14-22,19-17
2020-21,00,22020,1610612766,Charlotte,Hornets,East,20-22,10,,Southeast,8-4,4,33,39,0.458,0,33-39,18-18,15-21
2020-21,00,22020,1610612740,NewOrleans,Pelicans,West,18-24,11,-o,Southwest,6-6,4,31,41,0.431,0,31-41,18-18,13-23
2020-21,00,22020,1610612741,Chicago,Bulls,East,21-21,11,-o,Central,7-5,3,31,41,0.431,0,31-41,15-21,16-20
2020-21,00,22020,1610612761,Toronto,Raptors,East,17-25,12,-o,Atlantic,4-8,5,27,45,0.375,0,27-45,16-20,11-25
2020-21,00,22020,1610612758,Sacramento,Kings,West,18-24,12,-o,Pacific,5-7,5,31,41,0.431,0,31-41,16-20,15-21
2020-21,00,22020,1610612750,Minnesota,Timberwolves,West,15-27,13,-o,Northwest,5-7,4,23,49,0.319,0,23-49,13-23,10-26
2020-21,00,22020,1610612739,Cleveland,Cavaliers,East,16-26,13,-o,Central,4-8,4,22,50,0.306,0,22-50,13-23,9-27
2020-21,00,22020,1610612760,OklahomaCity,Thunder,West,12-30,14,-o,Northwest,3-9,5,22,50,0.306,0,22-50,10-26,12-24
2020-21,00,22020,1610612753,Orlando,Magic,East,13-29,14,-o,Southeast,4-8,5,21,51,0.292,0,21-51,11-25,10-26
2020-21,00,22020,1610612765,Detroit,Pistons,East,12-30,15,-o,Central,1-11,5,20,52,0.278,0,20-52,13-23,7-29
2020-21,00,22020,1610612745,Houston,Rockets,West,11-31,15,-o,Southwest,5-7,5,17,55,0.236,0,17-55,9-27,8-28
2021-22,00,22021,1610612751,Brooklyn,Nets,East,13-5,1,,Atlantic,4-0,1,17,7,0.708,0,17-7,8-5,9-2
2021-22,00,22021,1610612744,GoldenState,Warriors,West,11-3,1,,Pacific,5-1,1,20,4,0.833,0,20-4,13-2,7-2
2021-22,00,22021,1610612756,Phoenix,Suns,West,14-4,2,,Pacific,3-2,2,20,4,0.833,0,20-4,11-2,9-2
2021-22,00,22021,1610612741,Chicago,Bulls,East,10-5,2,,Central,2-1,1,17,8,0.68,0,17-8,8-4,9-4
2021-22,00,22021,1610612762,Utah,Jazz,West,9-2,3,,Northwest,4-0,1,16,7,0.696,0,16-7,9-4,7-3
2021-22,00,22021,1610612749,Milwaukee,Bucks,East,12-6,3,,Central,5-0,2,16,9,0.64,0,16-9,9-4,7-5
2021-22,00,22021,1610612748,Miami,Heat,East,8-5,4,,Southeast,3-1,1,14,11,0.56,0,14-11,6-4,8-7
2021-22,00,22021,1610612763,Memphis,Grizzlies,West,11-5,4,,Southwest,2-1,1,14,10,0.583,0,14-10,8-5,6-5
2021-22,00,22021,1610612746,LA,Clippers,West,10-10,5,,Pacific,1-4,3,13,12,0.52,0,13-12,9-7,4-5
2021-22,00,22021,1610612764,Washington,Wizards,East,9-9,5,,Southeast,3-4,2,14,11,0.56,0,14-11,8-3,6-8
2021-22,00,22021,1610612747,LosAngeles,Lakers,West,6-8,6,,Pacific,1-4,4,13,12,0.52,0,13-12,9-7,4-5
2021-22,00,22021,1610612755,Philadelphia,76ers,East,8-7,6,,Atlantic,0-5,2,13,11,0.542,0,13-11,5-5,8-6
2021-22,00,22021,1610612742,Dallas,Mavericks,West,9-6,7,,Southwest,6-2,2,11,12,0.478,0,11-12,6-6,5-6
2021-22,00,22021,1610612766,Charlotte,Hornets,East,10-7,7,,Southeast,5-2,3,14,12,0.538,0,14-12,7-3,7-9
2021-22,00,22021,1610612739,Cleveland,Cavaliers,East,9-6,8,,Central,1-1,3,13,12,0.52,0,13-12,5-7,8-5
2021-22,00,22021,1610612743,Denver,Nuggets,West,6-6,8,,Northwest,2-2,2,11,12,0.478,0,11-12,7-4,4-8
2021-22,00,22021,1610612737,Atlanta,Hawks,East,7-7,9,,Southeast,3-2,4,13,12,0.52,0,13-12,8-4,5-8
2021-22,00,22021,1610612750,Minnesota,Timberwolves,West,7-8,9,,Northwest,0-1,3,11,13,0.458,0,11-13,7-7,4-6
2021-22,00,22021,1610612757,Portland,TrailBlazers,West,6-10,10,,Northwest,1-2,4,11,14,0.44,0,11-14,10-4,1-10
2021-22,00,22021,1610612738,Boston,Celtics,East,8-8,10,,Atlantic,3-3,3,13,12,0.52,0,13-12,6-4,7-8
2021-22,00,22021,1610612752,NewYork,Knicks,East,8-10,11,,Atlantic,3-2,4,12,12,0.5,0,12-12,5-8,7-4
2021-22,00,22021,1610612758,Sacramento,Kings,West,8-11,11,,Pacific,4-3,5,10,14,0.417,0,10-14,4-8,6-6
2021-22,00,22021,1610612759,SanAntonio,Spurs,West,3-11,12,,Southwest,0-3,3,8,15,0.348,0,8-15,4-7,4-8
2021-22,00,22021,1610612761,Toronto,Raptors,East,9-8,12,,Atlantic,3-3,5,11,13,0.458,0,11-13,4-8,7-5
2021-22,00,22021,1610612754,Indiana,Pacers,East,6-12,13,,Central,1-3,4,10,16,0.385,0,10-16,7-6,3-10
2021-22,00,22021,1610612745,Houston,Rockets,West,4-12,13,,Southwest,1-2,4,7,16,0.304,0,7-16,6-5,1-11
2021-22,00,22021,1610612760,OklahomaCity,Thunder,West,6-9,14,,Northwest,0-2,5,7,16,0.304,0,7-16,4-7,3-9
2021-22,00,22021,1610612753,Orlando,Magic,East,2-16,14,,Southeast,0-5,5,5,20,0.2,0,5-20,2-8,3-12
2021-22,00,22021,1610612740,NewOrleans,Pelicans,West,6-11,15,,Southwest,2-3,5,7,19,0.269,0,7-19,3-8,4-11
2021-22,00,22021,1610612765,Detroit,Pistons,East,3-11,15,,Central,1-5,5,4,19,0.174,0,4-19,2-9,2-10
